OCEAN,ID_mrgd,nm_mrgd,continent,fa_ffcl,fa_ffcl_notes,O_name_En_Website,Short_name_En_Website,Country_name,Continent_name,Continent_ID,ISO3_country,ISO3_territory
NA,8444,American Samoa Exclusive Economic Zone,Oceania,American Samoa,NA,American Samoa,American Samoa,United States of America,Oceania,OCE,USA,ASM
NA,8412,Anguilla Exclusive Economic Zone,Americas,Anguilla,NA,Anguilla,Anguilla,United Kingdom,America,AME,GBR,AIA
NA,8414,Antigua and Barbuda Exclusive Economic Zone,Americas,Antigua and Barbuda,NA,Antigua and Barbuda,Antigua and Barbuda,Antigua and Barbuda,America,AME,ATG,ATG
NA,26519,Aruban Exclusive Economic Zone,Americas,Aruba,NA,Aruba,Aruba,Netherlands,America,AME,NLD,ABW
NA,8401,Clipperton Exclusive Economic Zone,Oceania,Clipperton Island,2 records,Clipperton Island,Clipperton Island,France,Oceania,OCE,FRA,PYF
NA,8364,Spanish Exclusive Economic Zone (Canary Islands),Europe,the Canary Islands,2 records,the Canary Islands,Canary Islands (the),Spain,Europe,EUR,ESP,ESP
NA,8363,Portuguese Exclusive Economic Zone (Madeira),Europe,the Madeira Islands,2 records,the Madeira Islands,Madeira Islands (the),Portugal,Europe,EUR,PRT,PRT
NA,8323,Australian Exclusive Economic Zone,Oceania,Australia,NA,Australia,Australia,Australia,Oceania,OCE,AUS,AUS
NA,62589,Chagos Archipelago Exclusive Economic Zone,Asia,the Chagos Archipelago,2 records,the Chagos Archipelago,Chagos Archipelago (the),Mauritius,Asia,ASI,MUS,MUS
NA,8418,Barbados Exclusive Economic Zone,Americas,Barbados,NA,Barbados,Barbados,Barbados,America,AME,BRB,BRB
NA,8457,Belizean Exclusive Economic Zone,Americas,Belize,NA,Belize,Belize,Belize,America,AME,BLZ,BLZ
NA,8402,Bermudian Exclusive Economic Zone,Americas,Bermuda,NA,Bermuda,Bermuda,United Kingdom,America,AME,GBR,BMU
NA,8443,Palmyra Atoll Exclusive Economic Zone,Oceania,Palmyra Atoll,2 records,Palmyra Atoll,Palmyra Atoll,United States of America,Oceania,OCE,USA,UMI
NA,8452,Johnston Atoll Exclusive Economic Zone,Oceania,Johnston Atoll,2 records,Johnston Atoll,Johnston Atoll,United States of America,Oceania,OCE,USA,UMI
NA,8319,Wake Island Exclusive Economic Zone,Oceania,Wake Island,2 records,Wake Island,Wake Island,United States of America,Oceania,OCE,USA,UMI
NA,22491,Bosnian and Herzegovinian Exclusive Economic Zone,Europe,Bosnia and Herzegovina,NA,Bosnia and Herzegovina,Bosnia and Herzegovina,Bosnia and Herzegovina,Europe,EUR,BIH,BIH
NA,26521,Bruneian Exclusive Economic Zone,Asia,Brunei Darussalam,NA,Brunei Darussalam,Brunei Darussalam,Brunei Darussalam,Asia,ASI,BRN,BRN
NA,8493,Canadian Exclusive Economic Zone,Americas,Canada,NA,Canada,Canada,Canada,America,AME,CAN,CAN
NA,8309,Christmas Island Exclusive Economic Zone,Oceania,Christmas Island,NA,Christmas Island,Christmas Island,Australia,Oceania,OCE,AUS,CXR
NA,26517,Cura√ßaoan Exclusive Economic Zone,Americas,Curaçao,NA,Curaçao,Curaçao,NA,NA,NA,NA,CUW
NA,8462,French Guiana Exclusive Economic Zone,Americas,French Guiana,NA,French Guiana,French Guiana,France,America,AME,FRA,GUF
NA,8440,French Polynesian Exclusive Economic Zone,Oceania,French Polynesia,NA,French Polynesia,French Polynesia,France,Oceania,OCE,FRA,PYF
NA,8442,Jarvis Island Exclusive Economic Zone,Oceania,Jarvis Island,2 records,Jarvis Island,Jarvis Island,United States of America,Oceania,OCE,USA,UMI
NA,5678,Georgian Exclusive Economic Zone,Europe,Georgia,NA,Georgia,Georgia,Georgia,Europe,EUR,GEO,GEO
NA,8438,Greenlandic Exclusive Economic Zone,Americas,Greenland,NA,Greenland,Greenland,Denmark,--,--,DNK,GRL
NA,8419,Grenadian Exclusive Economic Zone,Americas,Grenada,NA,Grenada,Grenada,Grenada,America,AME,GRD,GRD
NA,33177,Guadeloupean Exclusive Economic Zone,Americas,Guadeloupe,NA,Guadeloupe,Guadeloupe,France,America,AME,FRA,GLP
NA,48957,Guam Exclusive Economic Zone,Oceania,Guam,NA,Guam,Guam,United States of America,Oceania,OCE,USA,GUM
NA,8388,Heard and McDonald Islands Exclusive Economic Zone,Oceania,Heard Island and McDonald Islands,NA,Heard Island and McDonald Islands,Heard Island and McDonald Islands,NA,NA,NA,NA,HMD
NA,5680,Icelandic Exclusive Economic Zone,Europe,Iceland,NA,Iceland,Iceland,Iceland,Europe,EUR,ISL,ISL
NA,5681,Irish Exclusive Economic Zone,Europe,Ireland,NA,Ireland,Ireland,Ireland,Europe,EUR,IRL,IRL
NA,8459,Jamaican Exclusive Economic Zone,Americas,Jamaica,NA,Jamaica,Jamaica,Jamaica,America,AME,JAM,JAM
NA,8487,Japanese Exclusive Economic Zone,Asia,Japan,NA,Japan,Japan,Japan,Asia,ASI,JPN,JPN
NA,8483,Malaysian Exclusive Economic Zone,Asia,Malaysia,NA,Malaysia,Malaysia,Malaysia,Asia,ASI,MYS,MYS
NA,33178,Martinican Exclusive Economic Zone,Americas,Martinique,NA,Martinique,Martinique,France,America,AME,FRA,MTQ
NA,5691,Montenegrin Exclusive economic Zone,Europe,Montenegro,NA,Montenegro,Montenegro,Montenegro,Europe,EUR,MNE,MNE
NA,8415,Montserrat Exclusive Economic Zone,Americas,Montserrat,NA,Montserrat,Montserrat,United Kingdom,America,AME,GBR,MSR
Arctic,18,Arctic Sea,NA,NA,NA,NA,NA,NA,NA,NA,NA,NA
Atlantic,27,"Atlantic, Northeast",NA,NA,NA,NA,NA,NA,NA,NA,NA,NA
Atlantic,47,"Atlantic, Southeast",NA,NA,NA,NA,NA,NA,NA,NA,NA,NA
Atlantic,34,"Atlantic, Eastern Central",NA,NA,NA,NA,NA,NA,NA,NA,NA,NA
Atlantic,41,"Atlantic, Southwest",NA,NA,NA,NA,NA,NA,NA,NA,NA,NA
Atlantic,21,"Atlantic, Northwest",NA,NA,NA,NA,NA,NA,NA,NA,NA,NA
Atlantic,31,"Atlantic, Western Central",NA,NA,NA,NA,NA,NA,NA,NA,NA,NA
Indian,51,"Indian Ocean, Western",NA,NA,NA,NA,NA,NA,NA,NA,NA,NA
Indian,57,"Indian Ocean, Eastern",NA,NA,NA,NA,NA,NA,NA,NA,NA,NA
NA,8389,Overlapping claim Falkland / Malvinas Islands: UK / Argentina,Americas,NA,NA,NA,NA,NA,NA,NA,NA,NA
NA,48961,Joint regime area Argentina / Uruguay,Americas,NA,NA,NA,NA,NA,NA,NA,NA,NA
NA,48962,Joint regime area Peru / Ecuador,Americas,NA,NA,NA,NA,NA,NA,NA,NA,NA
NA,8451,Howland and Baker Islands Exclusive Economic Zone,Oceania,the United States Minor Outlying Islands (Howland and Baker Islands),4 records,Howland Island,Howland Island,United States of America,Oceania,OCE,USA,UMI
NA,8311,Australian Exclusive Economic Zone (Macquarie Island),Oceania,Australia (Macquarie Island),fao official & eez name,Australia,Australia,Australia,Oceania,OCE,AUS,AUS
NA,48944,Overlapping claim Mayotte: France / Comoros,Africa,NA,NA,NA,NA,NA,NA,NA,NA,NA
NA,48946,Overlapping claim Ile Tromelin: Reunion / Madagascar / Mauritus,NA,NA,NA,NA,NA,NA,NA,NA,NA,NA
NA,8381,Brazilian Exclusive Economic Zone (Trindade),Americas,the Federative Republic of Brazil (Trindade),fao official & eez name,the Federative Republic of Brazil,Brazil,Brazil,America,AME,BRA,BRA
NA,22756,Chilean Exclusive Economic Zone (San Felix and San Ambrosio islands),Americas,the Republic of Chile (San Felix and San Ambrosio islands),fao official & eez name,the Republic of Chile,Chile,Chile,America,AME,CHL,CHL
NA,21787,Chilean Exclusive Economic Zone (Easter Island),Americas,the Republic of Chile (Easter Island),fao official & eez name,the Republic of Chile,Chile,Chile,America,AME,CHL,CHL
NA,62596,Colombian Exclusive Economic Zone (Serrana),Americas,the Republic of Colombia (Serrana),fao official & eez name,the Republic of Colombia,Colombia,Colombia,America,AME,COL,COL
NA,48945,Overlapping claim Glorioso Islands: France / Madagascar,NA,NA,NA,NA,NA,NA,NA,NA,NA,NA
NA,62598,Colombian Exclusive Economic Zone (Quitasueño),Americas,the Republic of Colombia (Quitasueño),fao official & eez name,the Republic of Colombia,Colombia,Colombia,America,AME,COL,COL
NA,48948,Overlapping claim Matthew and Hunter Islands: New Caledonia / Vanuatu,NA,NA,NA,NA,NA,NA,NA,NA,NA,NA
NA,48984,Colombian Exclusive Economic Zone (Serranilla),Americas,the Republic of Colombia  (Serranilla),fao official & eez name,the Republic of Colombia,Colombia,Colombia,America,AME,COL,COL
NA,33176,Overlapping claim: Kenya / Somalia,Africa,NA,NA,NA,NA,NA,NA,NA,NA,NA
NA,8365,Overlapping claim Gibraltarian Exclusive Economic Zone,Europe,NA,NA,NA,NA,NA,NA,NA,NA,NA
NA,48951,Overlapping claim Navassa Island: USA / Haiti / Jamaica,Americas,NA,NA,NA,NA,NA,NA,NA,NA,NA
NA,48964,Joint regime area Senegal / Guinea Bissau,Africa,NA,NA,NA,NA,NA,NA,NA,NA,NA
NA,48965,Overlapping claim: Venezuela / Aruba / Dominican Republic,Americas,NA,NA,NA,NA,NA,NA,NA,NA,NA
NA,48966,Joint regime area Spain / France,Europe,NA,NA,NA,NA,NA,NA,NA,NA,NA
NA,48967,Joint regime area United Kingdom / Denmark (Faeroe Islands),Europe,NA,NA,NA,NA,NA,NA,NA,NA,NA
NA,48943,Overlapping claim: Canada / USA,Americas,NA,NA,NA,NA,NA,NA,NA,NA,NA
NA,48968,Joint regime area Costa Rica / Ecuador (Galapagos),Americas,NA,NA,NA,NA,NA,NA,NA,NA,NA
NA,48969,Joint regime area Guyana / Barbados,Americas,NA,NA,NA,NA,NA,NA,NA,NA,NA
NA,48970,Joint regime area Colombia / Dominican Republic,Americas,NA,NA,NA,NA,NA,NA,NA,NA,NA
NA,48971,Overlapping claim: Venezuela / Colombia / Dominican Republic,Americas,NA,NA,NA,NA,NA,NA,NA,NA,NA
NA,33185,Overlapping claim: Trinidad and Tobago / Venezuela / Guyana,Americas,NA,NA,NA,NA,NA,NA,NA,NA,NA
NA,21792,Joint regime area Colombia / Jamaica,Americas,NA,NA,NA,NA,NA,NA,NA,NA,NA
NA,48972,Joint regime area Honduras / Cayman Islands,Americas,NA,NA,NA,NA,NA,NA,NA,NA,NA
NA,48973,Joint regime area Iceland / Denmark (Faeroe Islands),Europe,NA,NA,NA,NA,NA,NA,NA,NA,NA
NA,48974,Joint regime area Ecuador / Colombia,Americas,NA,NA,NA,NA,NA,NA,NA,NA,NA
NA,48975,Joint regime area Iceland / Norway (Jan Mayen),Europe,NA,NA,NA,NA,NA,NA,NA,NA,NA
NA,8368,Overlapping claim Western Saharan Exclusive Economic Zone,Africa,NA,NA,NA,NA,NA,NA,NA,NA,NA
NA,48982,Overlapping claim: Puerto Rico / Dominican Republic,Americas,NA,NA,NA,NA,NA,NA,NA,NA,NA
NA,49000,Overlapping claim Melilla: Spain / Morocco,Africa,NA,NA,NA,NA,NA,NA,NA,NA,NA
NA,49001,Overlapping claim Alhucemas Islands: Spain / Morocco,Africa,NA,NA,NA,NA,NA,NA,NA,NA,NA
NA,48998,Overlapping claim Perejil Island: Spain / Morocco,Africa,NA,NA,NA,NA,NA,NA,NA,NA,NA
NA,49002,Overlapping claim Ceuta: Spain / Morocco,Africa,NA,NA,NA,NA,NA,NA,NA,NA,NA
NA,48999,Overlapping claim Peñón de Vélez de la Gomera: Spain / Morocco,Africa,NA,NA,NA,NA,NA,NA,NA,NA,NA
NA,48997,Overlapping claim Chafarinas Islands: Spain / Morocco,Africa,NA,NA,NA,NA,NA,NA,NA,NA,NA
NA,48947,Overlapping claim: Iran / United Arab Emirates,Asia,NA,NA,NA,NA,NA,NA,NA,NA,NA
NA,48956,Overlapping claim Doumeira Islands: Djibouti / Eritrea,Africa,NA,NA,NA,NA,NA,NA,NA,NA,NA
NA,21797,Joint regime area Nigeria / Sao Tome and Principe,Africa,NA,NA,NA,NA,NA,NA,NA,NA,NA
NA,48976,Joint regime area Italy / France,Europe,NA,NA,NA,NA,NA,NA,NA,NA,NA
NA,48954,Overlapping claim Senkaku Islands: Japan / China / Taiwan,Asia,NA,NA,NA,NA,NA,NA,NA,NA,NA
NA,21796,Joint regime area Japan / Korea,Asia,NA,NA,NA,NA,NA,NA,NA,NA,NA
NA,48977,Joint regime area Sweden / Norway,Europe,NA,NA,NA,NA,NA,NA,NA,NA,NA
NA,5695,Overlapping claim Ukrainian Exclusive Economic Zone,Europe,NA,NA,NA,NA,NA,NA,NA,NA,NA
NA,48950,Overlapping claim Kuril Islands: Japan / Russia,NA,NA,NA,NA,NA,NA,NA,NA,NA,NA
NA,48985,Colombian Exclusive Economic Zone (Bajo Nuevo),Americas,the Republic of Colombia (Bajo Nuevo),fao official & eez name,the Republic of Colombia,Colombia,Colombia,America,AME,COL,COL
NA,26582,Overlapping claim: Sudan / Egypt,Africa,NA,NA,NA,NA,NA,NA,NA,NA,NA
NA,49003,Overlapping claim South China Sea,Asia,NA,NA,NA,NA,NA,NA,NA,NA,NA
NA,50167,Joint regime area Croatia / Slovenia,Europe,NA,NA,NA,NA,NA,NA,NA,NA,NA
NA,48955,Overlapping claim Liancourt Rocks: Japan / South Korea,Asia,NA,NA,NA,NA,NA,NA,NA,NA,NA
NA,50170,Overlapping claim Qatar / Saudi Arabia / United Arab Emirates,Asia,NA,NA,NA,NA,NA,NA,NA,NA,NA
NA,48978,Joint regime area United States / Russia,NA,NA,NA,NA,NA,NA,NA,NA,NA,NA
NA,8383,Overlapping claim South Georgia and South Sandwich Islands: UK / Argentina,Americas,NA,NA,NA,NA,NA,NA,NA,NA,NA
Pacific,81,"Pacific, Southwest",NA,NA,NA,NA,NA,NA,NA,NA,NA,NA
Pacific,67,"Pacific, Northeast",NA,NA,NA,NA,NA,NA,NA,NA,NA,NA
Pacific,61,"Pacific, Northwest",NA,NA,NA,NA,NA,NA,NA,NA,NA,NA
Pacific,71,"Pacific, Western Central",NA,NA,NA,NA,NA,NA,NA,NA,NA,NA
Pacific,87,"Pacific, Southeast",NA,NA,NA,NA,NA,NA,NA,NA,NA,NA
Pacific,77,"Pacific, Eastern Central",NA,NA,NA,NA,NA,NA,NA,NA,NA,NA
Southern Ocean,58,"Indian Ocean, Antarctic",NA,NA,NA,NA,NA,NA,NA,NA,NA,NA
Southern Ocean,48,"Atlantic, Antarctic",NA,NA,NA,NA,NA,NA,NA,NA,NA,NA
Southern Ocean,88,"Pacific, Antarctic",NA,NA,NA,NA,NA,NA,NA,NA,NA,NA
NA,8312,New Caledonian Exclusive Economic Zone,Oceania,New Caledonia,NA,New Caledonia,New Caledonia,France,Oceania,OCE,FRA,NCL
NA,8455,New Zealand Exclusive Economic Zone,Oceania,New Zealand,NA,New Zealand,New Zealand,New Zealand,Oceania,OCE,NZL,NZL
NA,8447,Niue Exclusive Economic Zone,Oceania,Niue,NA,Niue,Niue,NA,NA,NA,NA,NIU
NA,8310,Norfolk Island Exclusive Economic Zone,Oceania,Norfolk Island,NA,Norfolk Island,Norfolk Island,NA,NA,NA,NA,NFK
NA,48953,Palestinian Exclusive Economic Zone,Asia,Palestine,NA,Palestine,Palestine,Palestine,Asia,ASI,PSE,PSE
NA,8439,Pitcairn Islands Exclusive Economic Zone,Oceania,Pitcairn,NA,Pitcairn,Pitcairn,NA,NA,NA,NA,PCN
NA,8338,R√©union Exclusive Economic Zone,Africa,Réunion,NA,Réunion,Réunion,NA,NA,NA,NA,REU
NA,5689,Romanian Exclusive economic Zone,Europe,Romania,NA,Romania,Romania,Romania,Europe,EUR,ROU,ROU
NA,8413,Saint Kitts and Nevis Exclusive Economic Zone,Americas,Saint Kitts and Nevis,NA,Saint Kitts and Nevis,Saint Kitts and Nevis,Saint Kitts and Nevis,America,AME,KNA,KNA
NA,8416,Saint Lucia Exclusive Economic Zone,Americas,Saint Lucia,NA,Saint Lucia,Saint Lucia,Saint Lucia,America,AME,LCA,LCA
NA,8494,Saint-Pierre and Miquelon Exclusive Economic Zone,Americas,Saint Pierre and Miquelon,NA,Saint Pierre and Miquelon,Saint Pierre and Miquelon,France,America,AME,FRA,SPM
NA,8421,Saint Vincent and the Grenadines Exclusive Economic Zone,Americas,Saint Vincent and the Grenadines,NA,Saint Vincent and the Grenadines,Saint Vincent and the Grenadines,Saint Vincent/Grenadines,America,AME,VCT,VCT
NA,48952,Saint-Barth√©lemy Exclusive Economic Zone,Americas,Saint Barthélemy,NA,Saint Barthélemy,Saint Barthélemy,NA,NA,NA,NA,BLM
NA,8495,Saint-Martin Exclusive Economic Zone,Americas,Saint Martin (French part),NA,Saint Martin (French part),Saint Martin (French part),NA,NA,NA,NA,NA
NA,21803,Sint-Maarten Exclusive Economic Zone,Americas,Sint Maarten (Dutch part),NA,Sint Maarten (Dutch part),Sint Maarten (Dutch part),NA,NA,NA,NA,SXM
NA,8314,Solomon Islands Exclusive Economic Zone,Oceania,Solomon Islands,NA,Solomon Islands,Solomon Islands,Solomon Islands,Oceania,OCE,SLB,SLB
NA,8321,Taiwanese Exclusive Economic Zone,Asia,Taiwan Province of China,NA,Taiwan Province of China,Taiwan Province of China,China,Asia,ASI,CHN,TWN
NA,8490,Egyptian Exclusive Economic Zone,Africa,the Arab Republic of Egypt,NA,the Arab Republic of Egypt,Egypt,Egypt,Africa,AFR,EGY,EGY
NA,8466,Argentinean Exclusive Economic Zone,Americas,the Argentine Republic,NA,the Argentine Republic,Argentina,Argentina,America,AME,ARG,ARG
NA,21788,Guernsey Exclusive Economic Zone,Europe,the Bailiwick of Guernsey,NA,the Bailiwick of Guernsey,Guernsey,NA,NA,NA,NA,GGY
NA,21789,Jersey Exclusive Economic Zone,Europe,the Bailiwick of Jersey,NA,the Bailiwick of Jersey,Jersey,NA,NA,NA,NA,JEY
NA,8433,Venezuelan Exclusive Economic Zone,Americas,the Bolivarian Republic of Venezuela,NA,the Bolivarian Republic of Venezuela,Bolivarian Republic of Venezuela (the),"Venezuela, Boliv Rep of",America,AME,VEN,VEN
NA,8411,British Virgin Islands Exclusive Economic Zone,Americas,the British Virgin Islands,NA,the British Virgin Islands,British Virgin Islands (the),NA,NA,NA,NA,VGB
NA,8407,Cayman Islands Exclusive Economic Zone,Americas,the Cayman Islands,NA,the Cayman Islands,Cayman Islands (the),NA,NA,NA,NA,CYM
NA,8460,Guyanese Exclusive Economic Zone,Americas,the Co-operative Republic of Guyana,NA,the Co-operative Republic of Guyana,Guyana,Guyana,America,AME,GUY,GUY
NA,8308,Cocos Islands Exclusive Economic Zone,Oceania,the Cocos (Keeling) Islands,NA,the Cocos (Keeling) Islands,Cocos (Keeling) Islands (the),NA,NA,NA,NA,CCK
NA,8417,Dominican Exclusive Economic Zone,Americas,the Commonwealth of Dominica,NA,the Commonwealth of Dominica,Dominica,Dominica,America,AME,DMA,DMA
NA,33179,Puerto Rican Exclusive Economic Zone,Americas,the Commonwealth of Puerto Rico,NA,the Commonwealth of Puerto Rico,Puerto Rico,NA,NA,NA,NA,PRI
NA,8404,Bahamas Exclusive Economic Zone,Americas,the Commonwealth of the Bahamas,NA,the Commonwealth of the Bahamas,Bahamas (the),Bahamas,America,AME,BHS,BHS
NA,48980,Northern Mariana Exclusive Economic Zone,Oceania,the Commonwealth of the Northern Mariana Islands,NA,the Commonwealth of the Northern Mariana Islands,Northern Mariana Islands (the),NA,NA,NA,NA,MNP
NA,8446,Cook Islands Exclusive Economic Zone,Oceania,the Cook Islands,NA,the Cook Islands,Cook Islands (the),New Zealand,Oceania,OCE,NZL,COK
NA,8328,North Korean Exclusive Economic Zone,Asia,the Democratic People's Republic of Korea,NA,the Democratic People's Republic of Korea,Democratic People's Republic of Korea (the),"Korea, Dem. People's Rep",Asia,ASI,PRK,PRK
NA,8397,Sao Tome and Principe Exclusive Economic Zone,Africa,the Democratic Republic of Sao Tome and Principe,NA,the Democratic Republic of Sao Tome and Principe,Sao Tome and Principe,Sao Tome and Principe,Africa,AFR,STP,STP
NA,8477,Democratic Republic of the Congo Exclusive Economic Zone,Africa,the Democratic Republic of the Congo,NA,the Democratic Republic of the Congo,Democratic Republic of the Congo (the),"Congo, Dem. Rep. of the",Africa,AFR,COD,COD
NA,8758,East Timorian Exclusive Economic Zone,Asia,the Democratic Republic of Timor-Leste,NA,the Democratic Republic of Timor-Leste,Timor-Leste,Timor-Leste,Asia,ASI,TLS,TLS
NA,8346,Sri Lankan Exclusive Economic Zone,Asia,the Democratic Socialist Republic of Sri Lanka,NA,the Democratic Socialist Republic of Sri Lanka,Sri Lanka,Sri Lanka,Asia,ASI,LKA,LKA
NA,8409,Dominican Republic Exclusive Economic Zone,Americas,the Dominican Republic,NA,the Dominican Republic,Dominican Republic (the),Dominican Republic,America,AME,DOM,DOM
NA,8467,Uruguayan Exclusive Economic Zone,Americas,the Eastern Republic of Uruguay,NA,the Eastern Republic of Uruguay,Uruguay,Uruguay,America,AME,URY,URY
NA,8435,Faeroe Exclusive Economic Zone,Europe,the Faroe Islands,NA,the Faroe Islands,Faroe Islands (the),NA,NA,NA,NA,FRO
NA,5669,German Exclusive Economic Zone,Europe,the Federal Republic of Germany,NA,the Federal Republic of Germany,Germany,Germany,Europe,EUR,DEU,DEU
NA,8474,Nigerian Exclusive Economic Zone,Africa,the Federal Republic of Nigeria,NA,the Federal Republic of Nigeria,Nigeria,Nigeria,Africa,AFR,NGA,NGA
NA,8350,Somali Exclusive Economic Zone,Africa,the Federal Republic of Somalia,NA,the Federal Republic of Somalia,Somalia,Somalia,Africa,AFR,SOM,SOM
NA,8316,Micronesian Exclusive Economic Zone,Oceania,the Federated States of Micronesia,NA,the Federated States of Micronesia,Federated States of Micronesia (the),"Micronesia, Fed.States of",Oceania,OCE,FSM,FSM
NA,8403,Ecuadorian Exclusive Economic Zone (Galapagos),Americas,the Republic of Ecuador (Galapagos),fao official & eez name,the Republic of Ecuador,Ecuador,Ecuador,America,AME,ECU,ECU
NA,8464,Brazilian Exclusive Economic Zone,Americas,the Federative Republic of Brazil,NA,the Federative Republic of Brazil,Brazil,Brazil,America,AME,BRA,BRA
NA,5677,French Exclusive Economic Zone,Europe,the French Republic,NA,the French Republic,France,France,Europe,EUR,FRA,FRA
NA,8340,Bassas da India Exclusive Economic Zone,Africa,Bassas da India,NA,Bassas da India,Bassas da India,NA,NA,NA,NA,NA
NA,8476,Gabonese Exclusive Economic Zone,Africa,the Gabonese Republic,NA,the Gabonese Republic,Gabon,Gabon,Africa,AFR,GAB,GAB
NA,8491,Jordanian Exclusive Economic Zone,Asia,the Hashemite Kingdom of Jordan,NA,the Hashemite Kingdom of Jordan,Jordan,Jordan,Asia,ASI,JOR,JOR
NA,5679,Greek Exclusive Economic Zone,Europe,the Hellenic Republic,NA,the Hellenic Republic,Greece,Greece,Europe,EUR,GRC,GRC
NA,8324,Papua New Guinean Exclusive Economic Zone,Oceania,the Independent State of Papua New Guinea,NA,the Independent State of Papua New Guinea,Papua New Guinea,NA,NA,NA,NA,PNG
NA,8445,Samoan Exclusive Economic Zone,Oceania,the Independent State of Samoa,NA,the Independent State of Samoa,Samoa,Samoa,Oceania,OCE,WSM,WSM
NA,8469,Iranian Exclusive Economic Zone,Asia,the Islamic Republic of Iran,NA,the Islamic Republic of Iran,Islamic Republic of Iran (the),Iran (Islamic Rep. of),Asia,ASI,IRN,IRN
NA,8369,Mauritanian Exclusive Economic Zone,Africa,the Islamic Republic of Mauritania,NA,the Islamic Republic of Mauritania,Mauritania,Mauritania,Africa,AFR,MRT,MRT
NA,8359,Pakistani Exclusive Economic Zone,Asia,the Islamic Republic of Pakistan,NA,the Islamic Republic of Pakistan,Pakistan,Pakistan,Asia,ASI,PAK,PAK
NA,8358,Bahraini Exclusive Economic Zone,Asia,the Kingdom of Bahrain,NA,the Kingdom of Bahrain,Bahrain,Bahrain,Asia,ASI,BHR,BHR
NA,3293,Belgian Exclusive Economic Zone,Europe,the Kingdom of Belgium,NA,the Kingdom of Belgium,Belgium,Belgium,Europe,EUR,BEL,BEL
NA,8331,Cambodian Exclusive Economic Zone,Asia,the Kingdom of Cambodia,NA,the Kingdom of Cambodia,Cambodia,Cambodia,Asia,ASI,KHM,KHM
NA,5674,Danish Exclusive Economic Zone,Europe,the Kingdom of Denmark,NA,the Kingdom of Denmark,Denmark,Denmark,Europe,EUR,DNK,DNK
NA,8367,Moroccan Exclusive Economic Zone,Africa,the Kingdom of Morocco,NA,the Kingdom of Morocco,Morocco,Morocco,Africa,AFR,MAR,MAR
NA,5686,Norwegian Exclusive Economic Zone,Europe,the Kingdom of Norway,NA,the Kingdom of Norway,Norway,Norway,Europe,EUR,NOR,NOR
NA,8356,Saudi Arabian Exclusive Economic Zone,Asia,the Kingdom of Saudi Arabia,NA,the Kingdom of Saudi Arabia,Saudi Arabia,Saudi Arabia,Asia,ASI,SAU,SAU
NA,8450,Kiribati Exclusive Economic Zone (Phoenix Islands),Oceania,the Republic of Kiribati (Phoenix Islands),fao official & eez name,the Republic of Kiribati,Kiribati,Kiribati,Oceania,OCE,KIR,KIR
NA,5693,Spanish Exclusive Economic Zone,Europe,the Kingdom of Spain,NA,the Kingdom of Spain,Spain,Spain,Europe,EUR,ESP,ESP
NA,5694,Swedish Exclusive Economic Zone,Europe,the Kingdom of Sweden,NA,the Kingdom of Sweden,Sweden,Sweden,Europe,EUR,SWE,SWE
NA,8332,Thailand Exclusive Economic Zone,Asia,the Kingdom of Thailand,NA,the Kingdom of Thailand,Thailand,Thailand,Asia,ASI,THA,THA
NA,5668,Dutch Exclusive Economic Zone,Europe,the Kingdom of the Netherlands,NA,the Kingdom of the Netherlands,Kingdom of the Netherlands (the),Netherlands,Europe,EUR,NLD,NLD
NA,8448,Tongan Exclusive Economic Zone,Oceania,the Kingdom of Tonga,NA,the Kingdom of Tonga,Tonga,Tonga,Oceania,OCE,TON,TON
NA,8374,Lebanese Exclusive Economic Zone,Asia,the Lebanese Republic,NA,the Lebanese Republic,Lebanon,Lebanon,Asia,ASI,LBN,LBN
NA,8378,Algerian Exclusive Economic Zone,Africa,the People's Democratic Republic of Algeria,NA,the People's Democratic Republic of Algeria,Algeria,Algeria,Africa,AFR,DZA,DZA
NA,8481,Bangladeshi Exclusive Economic Zone,Asia,the People's Republic of Bangladesh,NA,the People's Republic of Bangladesh,Bangladesh,Bangladesh,Asia,ASI,BGD,BGD
NA,8486,Chinese Exclusive Economic Zone,Asia,the People's Republic of China,NA,the People's Republic of China,China,China,Asia,ASI,CHN,CHN
NA,8441,Kiribati Exclusive Economic Zone (Line Islands),Oceania,the Republic of Kiribati (Line Islands),fao official & eez name,the Republic of Kiribati,Kiribati,Kiribati,Oceania,OCE,KIR,KIR
NA,8488,Kiribati Exclusive Economic Zone (Gilbert Islands),Oceania,the Republic of Kiribati (Gilbert Islands),fao official & eez name,the Republic of Kiribati,Kiribati,Kiribati,Oceania,OCE,KIR,KIR
NA,5688,Portuguese Exclusive Economic Zone,Europe,the Portuguese Republic,NA,the Portuguese Republic,Portugal,Portugal,Europe,EUR,PRT,PRT
NA,21790,Monégasque Exclusive Economic Zone,Europe,the Principality of Monaco,NA,the Principality of Monaco,Monaco,Monaco,Europe,EUR,MCO,MCO
NA,5670,Albanian Exclusive Economic Zone,Europe,the Republic of Albania,NA,the Republic of Albania,Albania,Albania,Europe,EUR,ALB,ALB
NA,8478,Angolan Exclusive Economic Zone,Africa,the Republic of Angola,NA,the Republic of Angola,Angola,Angola,Africa,AFR,AGO,AGO
NA,26524,Azerbaijanis Exclusive Economic Zone,Asia,the Republic of Azerbaijan,NA,the Republic of Azerbaijan,Azerbaijan,Azerbaijan,Asia,ASI,AZE,AZE
NA,8393,Beninese Exclusive Economic Zone,Africa,the Republic of Benin,NA,the Republic of Benin,Benin,Benin,Africa,AFR,BEN,BEN
NA,5672,Bulgarian Exclusive Economic Zone,Europe,the Republic of Bulgaria,NA,the Republic of Bulgaria,Bulgaria,Bulgaria,Europe,EUR,BGR,BGR
NA,8473,Ivory Coast Exclusive Economic Zone,Africa,the Republic of Côte d'Ivoire,NA,the Republic of Côte d'Ivoire,Côte d'Ivoire,NA,NA,NA,NA,CIV
NA,8362,Cape Verdean Exclusive Economic Zone,Africa,the Republic of Cabo Verde,NA,the Republic of Cabo Verde,Cabo Verde,NA,NA,NA,NA,CPV
NA,8475,Cameroonian Exclusive Economic Zone,Africa,the Republic of Cameroon,NA,the Republic of Cameroon,Cameroon,Cameroon,Africa,AFR,CMR,CMR
NA,8465,Chilean Exclusive Economic Zone,Americas,the Republic of Chile,NA,the Republic of Chile,Chile,Chile,America,AME,CHL,CHL
NA,33181,Svalbard Exclusive Economic Zone,Europe,the Svalbard Islands,fao split names,the Svalbard and Jan Mayen Islands,Svalbard and Jan Mayen Islands (the),NA,NA,NA,NA,SJM
NA,8437,Jan Mayen Exclusive Economic Zone,Europe,the Jan Mayen Island,fao split names,the Svalbard and Jan Mayen Islands,Svalbard and Jan Mayen Islands (the),NA,NA,NA,NA,SJM
NA,8426,Colombian Exclusive Economic Zone,Americas,the Republic of Colombia,NA,the Republic of Colombia,Colombia,Colombia,America,AME,COL,COL
NA,8453,United States Exclusive Economic Zone (Hawaii),Americas,the United States of America (Hawaii),fao official & eez name,the United States of America,United States of America (the),United States of America,America,AME,USA,USA
NA,8463,United States Exclusive Economic Zone (Alaska),Americas,the United States of America (Alaska),fao official & eez name,the United States of America,United States of America (the),United States of America,America,AME,USA,USA
NA,8379,Ascension Exclusive Economic Zone,Africa,Ascension,fao official & romname,"Ascension, Saint Helena and Tristan da Cunha","Ascension, Saint Helena and Tristan da Cunha",NA,NA,NA,NA,SHN
NA,8380,St. Helena Exclusive Economic Zone,Africa,Saint Helena,fao official & romname,"Ascension, Saint Helena and Tristan da Cunha","Ascension, Saint Helena and Tristan da Cunha",NA,NA,NA,NA,SHN
NA,8424,Costa Rican Exclusive Economic Zone,Americas,the Republic of Costa Rica,NA,the Republic of Costa Rica,Costa Rica,Costa Rica,America,AME,CRI,CRI
NA,5673,Croatian Exclusive Economic Zone,Europe,the Republic of Croatia,NA,the Republic of Croatia,Croatia,Croatia,Europe,EUR,HRV,HRV
NA,8406,Cuban Exclusive Economic Zone,Americas,the Republic of Cuba,NA,the Republic of Cuba,Cuba,Cuba,America,AME,CUB,CUB
NA,8376,Cypriote Exclusive Economic Zone,Asia,the Republic of Cyprus,NA,the Republic of Cyprus,Cyprus,Cyprus,Europe,EUR,CYP,CYP
NA,8352,Djiboutian Exclusive Economic Zone,Africa,the Republic of Djibouti,NA,the Republic of Djibouti,Djibouti,Djibouti,Africa,AFR,DJI,DJI
NA,8382,Tristan Da Cunha Exclusive Economic Zone,Africa,Tristan da Cunha,fao official & romname,"Ascension, Saint Helena and Tristan da Cunha","Ascension, Saint Helena and Tristan da Cunha",NA,NA,NA,NA,SHN
NA,8431,Ecuadorian Exclusive Economic Zone,Americas,the Republic of Ecuador,NA,the Republic of Ecuador,Ecuador,Ecuador,America,AME,ECU,ECU
NA,8428,El Salvador Exclusive Economic Zone,Americas,the Republic of El Salvador,NA,the Republic of El Salvador,El Salvador,El Salvador,America,AME,SLV,SLV
NA,8398,Equatorial Guinean Exclusive Economic Zone,Africa,the Republic of Equatorial Guinea,NA,the Republic of Equatorial Guinea,Equatorial Guinea,Equatorial Guinea,Africa,AFR,GNQ,GNQ
NA,5675,Estonian Exclusive Economic Zone,Europe,the Republic of Estonia,NA,the Republic of Estonia,Estonia,Estonia,Europe,EUR,EST,EST
NA,8325,Fijian Exclusive Economic Zone,Oceania,the Republic of Fiji,NA,the Republic of Fiji,Fiji,Fiji,Oceania,OCE,FJI,FJI
NA,5676,Finnish Exclusive Economic Zone,Europe,the Republic of Finland,NA,the Republic of Finland,Finland,Finland,Europe,EUR,FIN,FIN
NA,8400,Ghanaian Exclusive Economic Zone,Africa,the Republic of Ghana,NA,the Republic of Ghana,Ghana,Ghana,Africa,AFR,GHA,GHA
NA,8430,Guatemalan Exclusive Economic Zone,Americas,the Republic of Guatemala,NA,the Republic of Guatemala,Guatemala,Guatemala,America,AME,GTM,GTM
NA,8472,Guinean Exclusive Economic Zone,Africa,the Republic of Guinea,NA,the Republic of Guinea,Guinea,Guinea,Africa,AFR,GIN,GIN
NA,8471,Guinea Bissau Exclusive Economic Zone,Africa,the Republic of Guinea-Bissau,NA,the Republic of Guinea-Bissau,Guinea-Bissau,Guinea-Bissau,Africa,AFR,GNB,GNB
NA,8408,Haitian Exclusive Economic Zone,Americas,the Republic of Haiti,NA,the Republic of Haiti,Haiti,Haiti,America,AME,HTI,HTI
NA,8427,Honduran Exclusive Economic Zone,Americas,the Republic of Honduras,NA,the Republic of Honduras,Honduras,Honduras,America,AME,HND,HND
NA,8480,Indian Exclusive Economic Zone,Asia,the Republic of India,NA,the Republic of India,India,India,Asia,ASI,IND,IND
NA,8492,Indonesian Exclusive Economic Zone,Asia,the Republic of Indonesia,NA,the Republic of Indonesia,Indonesia,Indonesia,Asia,ASI,IDN,IDN
NA,8470,Iraqi Exclusive Economic Zone,Asia,the Republic of Iraq,NA,the Republic of Iraq,Iraq,Iraq,Asia,ASI,IRQ,IRQ
NA,5682,Italian Exclusive Economic Zone,Europe,the Republic of Italy,NA,the Republic of Italy,Italy,Italy,Europe,EUR,ITA,ITA
NA,26522,Kazakh Exclusive Economic Zone,Asia,the Republic of Kazakhstan,NA,the Republic of Kazakhstan,Kazakhstan,Kazakhstan,Asia,ASI,KAZ,KAZ
NA,8349,Kenyan Exclusive Economic Zone,Africa,the Republic of Kenya,NA,the Republic of Kenya,Kenya,Kenya,Africa,AFR,KEN,KEN
NA,26520,Bonaire Exclusive Economic Zone,Americas,Bonaire,fao official & romname,"Bonaire, Sint Eustatius and Saba","Bonaire, Sint Eustatius and Saba",Netherlands,America,AME,NLD,BES
NA,26518,Saba Exclusive Economic Zone,Americas,Saba,fao official & romname,"Bonaire, Sint Eustatius and Saba","Bonaire, Sint Eustatius and Saba",Netherlands,America,AME,NLD,BES
NA,26526,Sint-Eustatius Exclusive Economic Zone,Americas,Sint Eustatius,fao official & romname,"Bonaire, Sint Eustatius and Saba","Bonaire, Sint Eustatius and Saba",Netherlands,America,AME,NLD,BES
NA,8327,South Korean Exclusive Economic Zone,Asia,the Republic of Korea,NA,the Republic of Korea,Republic of Korea (the),"Korea, Republic of",Asia,ASI,KOR,KOR
NA,5683,Latvian Exclusive Economic Zone,Europe,the Republic of Latvia,NA,the Republic of Latvia,Latvia,Latvia,Europe,EUR,LVA,LVA
NA,8391,Liberian Exclusive Economic Zone,Africa,the Republic of Liberia,NA,the Republic of Liberia,Liberia,Liberia,Africa,AFR,LBR,LBR
NA,5684,Lithuanian Exclusive Economic Zone,Europe,the Republic of Lithuania,NA,the Republic of Lithuania,Lithuania,Lithuania,Europe,EUR,LTU,LTU
NA,8348,Madagascan Exclusive Economic Zone,Africa,the Republic of Madagascar,NA,the Republic of Madagascar,Madagascar,Madagascar,Africa,AFR,MDG,MDG
NA,8345,Maldives Exclusive Economic Zone,Asia,the Republic of Maldives,NA,the Republic of Maldives,Maldives,Maldives,Asia,ASI,MDV,MDV
NA,5685,Maltese Exclusive Economic Zone,Europe,the Republic of Malta,NA,the Republic of Malta,Malta,Malta,Europe,EUR,MLT,MLT
NA,8343,Mauritian Exclusive Economic Zone,Africa,the Republic of Mauritius,NA,the Republic of Mauritius,Mauritius,Mauritius,Africa,AFR,MUS,MUS
NA,8361,Portuguese Exclusive Economic Zone (Azores),Europe,the Portuguese Republic (Azores Islands),fao official & romname,the Portuguese Republic,Portugal,Portugal,Europe,EUR,PRT,PRT
NA,8347,Mozambican Exclusive Economic Zone,Africa,the Republic of Mozambique,NA,the Republic of Mozambique,Mozambique,Mozambique,Africa,AFR,MOZ,MOZ
NA,8395,Namibian Exclusive Economic Zone,Africa,the Republic of Namibia,NA,the Republic of Namibia,Namibia,Namibia,Africa,AFR,NAM,NAM
NA,8317,Nauruan Exclusive Economic Zone,Oceania,the Republic of Nauru,NA,the Republic of Nauru,Nauru,Nauru,Oceania,OCE,NRU,NRU
NA,8425,Nicaraguan Exclusive Economic Zone,Americas,the Republic of Nicaragua,NA,the Republic of Nicaragua,Nicaragua,Nicaragua,America,AME,NIC,NIC
NA,8315,Palau Exclusive Economic Zone,Oceania,the Republic of Palau,NA,the Republic of Palau,Palau,Palau,Oceania,OCE,PLW,PLW
NA,8423,Panamanian Exclusive Economic Zone,Americas,the Republic of Panama,NA,the Republic of Panama,Panama,Panama,America,AME,PAN,PAN
NA,8432,Peruvian Exclusive Economic Zone,Americas,the Republic of Peru,NA,the Republic of Peru,Peru,Peru,America,AME,PER,PER
NA,5687,Polish Exclusive Economic Zone,Europe,the Republic of Poland,NA,the Republic of Poland,Poland,Poland,Europe,EUR,POL,POL
NA,8371,Senegalese Exclusive Economic Zone,Africa,the Republic of Senegal,NA,the Republic of Senegal,Senegal,Senegal,Africa,AFR,SEN,SEN
NA,8337,Seychellois Exclusive Economic Zone,Africa,the Republic of Seychelles,NA,the Republic of Seychelles,Seychelles,Seychelles,Africa,AFR,SYC,SYC
NA,8390,Sierra Leonian Exclusive Economic Zone,Africa,the Republic of Sierra Leone,NA,the Republic of Sierra Leone,Sierra Leone,Sierra Leone,Africa,AFR,SLE,SLE
NA,8485,Singaporean Exclusive Economic Zone,Asia,the Republic of Singapore,NA,the Republic of Singapore,Singapore,Singapore,Asia,ASI,SGP,SGP
NA,5692,Slovenian Exclusive Economic Zone,Europe,the Republic of Slovenia,NA,the Republic of Slovenia,Slovenia,Slovenia,Europe,EUR,SVN,SVN
NA,8396,South African Exclusive Economic Zone,Africa,the Republic of South Africa,NA,the Republic of South Africa,South Africa,South Africa,Africa,AFR,ZAF,ZAF
NA,8461,Surinamese Exclusive Economic Zone,Americas,the Republic of Suriname,NA,the Republic of Suriname,Suriname,Suriname,America,AME,SUR,SUR
NA,5697,Turkish Exclusive Economic Zone,Asia,the Republic of Türkiye,NA,the Republic of Türkiye,Türkiye,NA,NA,NA,NA,TUR
NA,8394,Congolese Exclusive Economic Zone,Africa,the Republic of the Congo,NA,the Republic of the Congo,Congo (the),Congo,Africa,AFR,COG,COG
NA,8370,Gambian Exclusive Economic Zone,Africa,the Republic of the Gambia,NA,the Republic of the Gambia,Gambia (the),Gambia,Africa,AFR,GMB,GMB
NA,8318,Marshall Islands Exclusive Economic Zone,Oceania,the Republic of the Marshall Islands,NA,the Republic of the Marshall Islands,Marshall Islands (the),Marshall Islands,Oceania,OCE,MHL,MHL
NA,8322,Philippines Exclusive Economic Zone,Asia,the Republic of the Philippines,NA,the Republic of the Philippines,Philippines (the),Philippines,Asia,ASI,PHL,PHL
NA,8355,Sudanese Exclusive Economic Zone,Africa,the Republic of the Sudan,NA,the Republic of the Sudan,Sudan (the),Sudan,Africa,AFR,SDN,SDN
NA,8482,Myanmar Exclusive Economic Zone,Asia,the Republic of the Union of Myanmar,NA,the Republic of the Union of Myanmar,Myanmar,Myanmar,Asia,ASI,MMR,MMR
NA,8420,Trinidad and Tobago Exclusive Economic Zone,Americas,the Republic of Trinidad and Tobago,NA,the Republic of Trinidad and Tobago,Trinidad and Tobago,Trinidad and Tobago,America,AME,TTO,TTO
NA,8366,Tunisian Exclusive Economic Zone,Africa,the Republic of Tunisia,NA,the Republic of Tunisia,Tunisia,Tunisia,Africa,AFR,TUN,TUN
NA,8313,Vanuatu Exclusive Economic Zone,Oceania,the Republic of Vanuatu,NA,the Republic of Vanuatu,Vanuatu,Vanuatu,Oceania,OCE,VUT,VUT
NA,8353,Yemeni Exclusive Economic Zone,Asia,the Republic of Yemen,NA,the Republic of Yemen,Yemen,Yemen,Asia,ASI,YEM,YEM
NA,5690,Russian Exclusive economic Zone,Europe,the Russian Federation,NA,the Russian Federation,Russian Federation (the),Russian Federation,Europe,EUR,RUS,RUS
NA,8484,Vietnamese Exclusive Economic Zone,Asia,the Socialist Republic of Viet Nam,NA,the Socialist Republic of Viet Nam,Viet Nam,Viet Nam,Asia,ASI,VNM,VNM
NA,8351,Eritrean Exclusive Economic Zone,Africa,the State of Eritrea,NA,the State of Eritrea,Eritrea,Eritrea,Africa,AFR,ERI,ERI
NA,8375,Israeli Exclusive Economic Zone,Asia,the State of Israel,NA,the State of Israel,Israel,Israel,Asia,ASI,ISR,ISR
NA,8357,Kuwaiti Exclusive Economic Zone,Asia,the State of Kuwait,NA,the State of Kuwait,Kuwait,Kuwait,Asia,ASI,KWT,KWT
NA,8372,Libyan Exclusive Economic Zone,Africa,the State of Libya,NA,the State of Libya,Libya,NA,NA,NA,NA,LBY
NA,8468,Qatari Exclusive Economic Zone,Asia,the State of Qatar,NA,the State of Qatar,Qatar,Qatar,Asia,ASI,QAT,QAT
NA,8354,Omani Exclusive Economic Zone,Asia,the Sultanate of Oman,NA,the Sultanate of Oman,Oman,Oman,Asia,ASI,OMN,OMN
NA,8387,Kerguelen Exclusive Economic Zone,Africa,the Kerguelen Islands,in website file only,the Kerguelen Islands,Kerguelen Islands (the),NA,NA,NA,NA,NA
NA,8384,South African Exclusive Economic Zone (Prince Edward Islands),Africa,Prince Edward Island,in website file only,Prince Edward Island,Prince Edward Island,NA,NA,NA,NA,NA
NA,8373,Syrian Exclusive Economic Zone,Asia,the Syrian Arab Republic,NA,the Syrian Arab Republic,Syrian Arab Republic (the),Syrian Arab Republic,Asia,ASI,SYR,SYR
NA,8392,Togolese Exclusive Economic Zone,Africa,the Togolese Republic,NA,the Togolese Republic,Togo,Togo,Africa,AFR,TGO,TGO
NA,8405,Turks and Caicos Exclusive Economic Zone,Americas,the Turks and Caicos Islands,NA,the Turks and Caicos Islands,Turks and Caicos Islands (the),NA,NA,NA,NA,TCA
NA,8334,Comoran Exclusive Economic Zone,Africa,the Union of the Comoros,NA,the Union of the Comoros,Comoros (the),Comoros,Africa,AFR,COM,COM
NA,8360,United Arab Emirates Exclusive Economic Zone,Asia,the United Arab Emirates,NA,the United Arab Emirates,United Arab Emirates (the),United Arab Emirates,Asia,ASI,ARE,ARE
NA,5696,United Kingdom Exclusive Economic Zone,Europe,the United Kingdom of Great Britain and Northern Ireland,NA,the United Kingdom of Great Britain and Northern Ireland,United Kingdom of Great Britain and Northern Ireland (the),United Kingdom,Europe,EUR,GBR,GBR
NA,8429,Mexican Exclusive Economic Zone,Americas,the United Mexican States,NA,the United Mexican States,Mexico,Mexico,America,AME,MEX,MEX
NA,8479,Tanzanian Exclusive Economic Zone,Africa,the United Republic of Tanzania,NA,the United Republic of Tanzania,United Republic of Tanzania (the),"Tanzania, United Rep. of",Africa,AFR,TZA,TZA
NA,8339,Juan de Nova Exclusive Economic Zone,Africa,Juan de Nova Island,in website file only,Juan de Nova Island,Juan de Nova Island,NA,NA,NA,NA,NA
NA,8333,Indian Exclusive Economic Zone (Andaman and Nicobar Islands),Asia,the Andaman and Nicobar Islands,in website file only,the Andaman and Nicobar Islands,Andaman and Nicobar Islands (the),NA,NA,NA,NA,NA
NA,8386,Amsterdam Island & St. Paul Island Exclusive Economic Zone,Africa,Amsterdam Island & St. Paul Islands,not in FAO data,NA,NA,NA,NA,NA,NA,NA
NA,8385,Crozet Islands Exclusive Economic Zone,Africa,Crozet Islands,not in FAO data,NA,NA,NA,NA,NA,NA,NA
NA,8341,Ile Europa Exclusive Economic Zone,Africa,Europa Island,not in FAO data,NA,NA,NA,NA,NA,NA,NA
NA,21791,Oecussi Ambeno Exclusive Economic Zone,Asia,Oecussi Ambeno,not in FAO data,NA,NA,NA,NA,NA,NA,NA
NA,21798,Protected Zone established under the Torres Strait Treaty,Oceania,Protected Zone established under the Torres Strait Treaty,not in FAO data,NA,NA,NA,NA,NA,NA,NA
NA,8456,United States Exclusive Economic Zone,Americas,the United States of America,NA,the United States of America,United States of America (the),United States of America,America,AME,USA,USA
NA,33180,Virgin Islander Exclusive Economic Zone,Americas,the United States Virgin Islands,NA,the United States Virgin Islands,United States Virgin Islands (the),United States of America,NA,NA,USA,VIR
NA,8454,Wallis and Futuna Exclusive Economic Zone,Oceania,the Wallis and Futuna Islands,NA,the Wallis and Futuna Islands,Wallis and Futuna Islands (the),NA,NA,NA,NA,WLF
NA,8449,Tokelau Exclusive Economic Zone,Oceania,Tokelau,NA,Tokelau,Tokelau,New Zealand,Oceania,OCE,NZL,TKL
NA,26523,Turkmen Exclusive Economic Zone,Asia,Turkmenistan,NA,Turkmenistan,Turkmenistan,Turkmenistan,Asia,ASI,TKM,TKM
NA,8326,Tuvaluan Exclusive Economic Zone,Oceania,Tuvalu,NA,Tuvalu,Tuvalu,Tuvalu,Oceania,OCE,TUV,TUV