"","ISO3CD","ROMNAM","MAPLAB","Name_En","O_Name_En","M49","ISO_3","Country","Name_En_stefania","Official_Name_En_Stefania"
"1","BRN","Brunei Darussalam","Brunei Darussalam","Brunei Darussalam","Brunei Darussalam",96,"BRN","Brunei Darussalam","Brunei Darussalam","Brunei Darussalam"
"2","SWZ","Eswatini","Eswatini","Eswatini","the Kingdom of Eswatini",748,"SWZ","Eswatini","Eswatini","the Kingdom of Eswatini"
"3","GNQ","Equatorial Guinea","Equatorial Guinea","Equatorial Guinea","the Republic of Equatorial Guinea",226,"GNQ","Equatorial Guinea","Equatorial Guinea","the Republic of Equatorial Guinea"
"4","MAC","Macao","Macao, China","China, Macao SAR","China, Macao SAR",446,"CHN","China","China, Macao SAR","China, Macao Special Administrative Region"
"5","MTQ","Martinique","Martinique (Fr.)","Martinique","Martinique",474,"FRA","France","Martinique","Martinique"
"6","CIV","Cote dIvoire","CÔøΩte d'Ivoire","Cote dIvoire","the Republic of CÔøΩte d'Ivoire",384,"CIV","Cote dIvoire","Côte d'Ivoire","the Republic of Côte d'Ivoire"
"7","MRT","Mauritania","Mauritania","Mauritania","the Islamic Republic of Mauritania",478,"MRT","Mauritania","Mauritania","the Islamic Republic of Mauritania"
"8","TGO","Togo","Togo","Togo","the Togolese Republic",768,"TGO","Togo","Togo","the Togolese Republic"
"9","TUV","Tuvalu","Tuvalu","Tuvalu","Tuvalu",798,"TUV","Tuvalu","Tuvalu","Tuvalu"
"10","LKA","Sri Lanka","Sri Lanka","Sri Lanka","the Democratic Socialist Republic of Sri Lanka",144,"LKA","Sri Lanka","Sri Lanka","the Democratic Socialist Republic of Sri Lanka"
"11","BRB","Barbados","Barbados","Barbados","Barbados",52,"BRB","Barbados","Barbados","Barbados"
"12","AGO","Angola","Angola","Angola","the Republic of Angola",24,"AGO","Angola","Angola","the Republic of Angola"
"13","NFK","Norfolk Island","Norfolk Island (Aust.)","Norfolk Island","Territory of Norfolk Island",574,"AUS","Australia","Norfolk Island","Norfolk Island"
"14","CHN","China","China","China","the People's Republic of China",156,"CHN","China","China","the People's Republic of China"
"15","SLE","Sierra Leone","Sierra Leone","Sierra Leone","the Republic of Sierra Leone",694,"SLE","Sierra Leone","Sierra Leone","the Republic of Sierra Leone"
"16","COM","Comoros","Comoros","Comoros","the Union of the Comoros",174,"COM","Comoros","Comoros","the Union of the Comoros"
"17","KOR","Republic of Korea","Republic of Korea","Korea, Republic of","the Republic of Korea",410,"KOR","Korea, Republic of","Republic of Korea","the Republic of Korea"
"18","PYF","Clipperton Island","Clipperton Island","French Polynesia","French Polynesia",258,"FRA","France","French Polynesia","French Polynesia"
"19","PHL","Philippines","Philippines","Philippines","the Republic of the Philippines",608,"PHL","Philippines","Philippines","the Republic of the Philippines"
"20","BHS","Bahamas","Bahamas","Bahamas","the Commonwealth of the Bahamas",44,"BHS","Bahamas","Bahamas","the Commonwealth of the Bahamas"
"21","ARM","Armenia","Armenia","Armenia","the Republic of Armenia",51,"ARM","Armenia","Armenia","the Republic of Armenia"
"22","ROU","Romania","Romania","Romania","Romania",642,"ROU","Romania","Romania","Romania"
"23","CXR","Christmas Island","Christmas Is. (Aust.)","Christmas Island","Christmas Island",162,"AUS","Australia","Christmas Island","Christmas Island"
"24","HMD","Heard Island and McDonald Islands","Heard Is. & McDonald Is. (Aust.)","Heard and McDonald Is.","Heard Island and McDonald Island",334,"AUS","Australia","Heard Island and McDonald Islands","Heard Island and McDonald Islands"
"25","ZAF","South Africa","South Africa","South Africa","the Republic of South Africa",710,"ZAF","South Africa","South Africa","the Republic of South Africa"
"26","SLB","Solomon Islands","Solomon Islands","Solomon Islands","Solomon Islands",90,"SLB","Solomon Islands","Solomon Islands","Solomon Islands"
"27","FIN","Finland","Finland","Finland","the Republic of Finland",246,"FIN","Finland","Finland","the Republic of Finland"
"28","ATF","Bassas da India","Bassas da India (Fr.)","French Southern Terr","French Southern and Antarctic Territories",260,"FRA","France","French Southern Territories","the French Southern Territories"
"29","CZE","Czechia","Czechia","Czechia","the Czech Republic",203,"CZE","Czechia","Czechia","the Czech Republic"
"30","BEN","Benin","Benin","Benin","the Republic of Benin",204,"BEN","Benin","Benin","the Republic of Benin"
"31","SDN","Sudan","Sudan","Sudan","the Republic of the Sudan",729,"SDN","Sudan","Sudan","the Republic of the Sudan"
"32","BMU","Bermuda","Bermuda *","Bermuda","Bermuda",60,"GBR","United Kingdom","Bermuda","Bermuda"
"33","NIC","Nicaragua","Nicaragua","Nicaragua","the Republic of Nicaragua",558,"NIC","Nicaragua","Nicaragua","the Republic of Nicaragua"
"34","MNE","Montenegro","Montenegro","Montenegro","Montenegro",499,"MNE","Montenegro","Montenegro","Montenegro"
"35","GTM","Guatemala","Guatemala","Guatemala","the Republic of Guatemala",320,"GTM","Guatemala","Guatemala","the Republic of Guatemala"
"36","SLV","El Salvador","El Salvador","El Salvador","the Republic of El Salvador",222,"SLV","El Salvador","El Salvador","the Republic of El Salvador"
"37","SSD","Ilemi Triangle","","South Sudan","the Republic of South Sudan",728,"SSD","South Sudan","South Sudan","the Republic of South Sudan"
"38","SGP","Singapore","Singapore","Singapore","the Republic of Singapore",702,"SGP","Singapore","Singapore","the Republic of Singapore"
"39","ASM","American Samoa","American Samoa *","American Samoa","American Samoa",16,"USA","United States of America","American Samoa","American Samoa"
"40","PLW","Palau","Palau","Palau","the Republic of Palau",585,"PLW","Palau","Palau","the Republic of Palau"
"41","MLT","Malta","Malta","Malta","the Republic of Malta",470,"MLT","Malta","Malta","the Republic of Malta"
"42","NRU","Nauru","Nauru","Nauru","the Republic of Nauru",520,"NRU","Nauru","Nauru","the Republic of Nauru"
"43","VEN","Venezuela","Venezuela","Venezuela, Boliv Rep of","the Bolivarian Republic of Venezuela",862,"VEN","Venezuela, Boliv Rep of","Venezuela (Bolivarian Republic of)","the Bolivarian Republic of Venezuela"
"44","WLF","Wallis and Futuna","","Wallis and Futuna Is.","Wallis and Futuna Islands",876,"FRA","France","Wallis and Futuna Islands","the Wallis and Futuna Islands"
"45","PAK","Pakistan","Pakistan","Pakistan","the Islamic Republic of Pakistan",586,"PAK","Pakistan","Pakistan","the Islamic Republic of Pakistan"
"46","BFA","Burkina Faso","Burkina Faso","Burkina Faso","Burkina Faso",854,"BFA","Burkina Faso","Burkina Faso","Burkina Faso"
"47","SDN","Halaib Triangle","","Sudan","the Republic of the Sudan",729,"SDN","Sudan","Sudan","the Republic of the Sudan"
"48","WSM","Samoa","Samoa","Samoa","the Independent State of Samoa",882,"WSM","Samoa","Samoa","the Independent State of Samoa"
"49","CAF","Central African Republic","Central African Republic","Central African Republic","the Central African Republic",140,"CAF","Central African Republic","Central African Republic","the Central African Republic"
"50","xSK","Senkaku Islands","","","",NA,"JPN","Japan",NA,NA
"51","ISL","Iceland","Iceland","Iceland","the Republic of Iceland",352,"ISL","Iceland","Iceland","Iceland"
"52","FJI","Fiji","Fiji","Fiji","the Republic of Fiji",242,"FJI","Fiji","Fiji","the Republic of Fiji"
"53","CUB","Cuba","Cuba","Cuba","the Republic of Cuba",192,"CUB","Cuba","Cuba","the Republic of Cuba"
"54","GLP","Guadeloupe","Guadeloupe (Fr.)","Guadeloupe","Guadeloupe",312,"FRA","France","Guadeloupe","Guadeloupe"
"55","UKR","Ukraine","Ukraine","Ukraine","Ukraine",804,"UKR","Ukraine","Ukraine","Ukraine"
"56","ESP","Canary Islands","Canary Islands (Sp.)","Spain","the Kingdom of Spain",724,"ESP","Spain","Spain","the Kingdom of Spain"
"57","MSR","Montserrat","Montserrat *","Montserrat","Montserrat",500,"GBR","United Kingdom","Montserrat","Montserrat"
"58","AUS","Australia","Australia","Australia","Australia",36,"AUS","Australia","Australia","Australia"
"59","DEU","Germany","Germany","Germany","the Federal Republic of Germany",276,"DEU","Germany","Germany","the Federal Republic of Germany"
"60","SPM","Saint Pierre et Miquelon","Saint Pierre et Miquelon (Fr.)","St. Pierre and Miquelon","Saint Pierre and Miquelon",666,"FRA","France","Saint Pierre and Miquelon","Saint Pierre and Miquelon"
"61","TUN","Tunisia","Tunisia","Tunisia","the Republic of Tunisia",788,"TUN","Tunisia","Tunisia","the Republic of Tunisia"
"62","xPI","Paracel Islands","","","",NA,"xPI","",NA,NA
"63","xSR","Scarborough Reef","","","",NA,"xSR","",NA,NA
"64","BES","Saba","Saba (Neth.)","Bonaire/S.Eustatius/Saba","Bonaire, Sint Eustatius and Saba",535,"NLD","Netherlands","Bonaire, Sint Eustatius and Saba","Bonaire, Sint Eustatius and Saba"
"65","PSE","Gaza","Gaza","Palestine","Palestine",275,"PSE","Palestine","Palestine","Palestine"
"66","xAP","Arunachal Pradesh","","","",NA,"IND","India",NA,NA
"67","xRI","","","","",NA,"RUS","Russian Federation",NA,NA
"68","GUF","French Guiana","French Guiana (Fr.)","French Guiana","French Guiana",254,"FRA","France","French Guiana","French Guiana"
"69","MYS","Malaysia","Malaysia","Malaysia","Malaysia",458,"MYS","Malaysia","Malaysia","Malaysia"
"70","PSE","West Bank","West Bank","Palestine","Palestine",275,"PSE","Palestine","Palestine","Palestine"
"71","YEM","Yemen","Yemen","Yemen","the Republic of Yemen",887,"YEM","Yemen","Yemen","the Republic of Yemen"
"72","LBN","Lebanon","Lebanon","Lebanon","the Lebanese Republic",422,"LBN","Lebanon","Lebanon","the Lebanese Republic"
"73","NGA","Nigeria","Nigeria","Nigeria","the Federal Republic of Nigeria",566,"NGA","Nigeria","Nigeria","the Federal Republic of Nigeria"
"74","ALA","0land Islands","ÔøΩland Islands","0land Islands","ÔøΩland Islands",248,"FIN","Finland","Åland Islands","the Åland Islands"
"75","FLK","Falkland Islands (Malvinas)","Falkland Islands (Malvinas) ***","Falkland Is.(Malvinas)","the Falkland Islands (Malvinas)",238,"GBR","United Kingdom","Falkland Islands (Malvinas)","the Falkland Islands (Malvinas)"
"76","JEY","Jersey","Jersey (UK)","Jersey","Bailiwick of Jersey",832,"GBR","United Kingdom","Jersey","the Bailiwick of Jersey"
"77","GUY","Guyana","Guyana","Guyana","the Co-operative Republic of Guyana",328,"GUY","Guyana","Guyana","the Co-operative Republic of Guyana"
"78","VIR","United States Virgin Islands","United States Virgin Islands *","US Virgin Islands","the United States Virgin Islands",850,"USA","United States of America","United States Virgin Islands","the United States Virgin Islands"
"79","MDG","Madagascar","Madagascar","Madagascar","the Republic of Madagascar",450,"MDG","Madagascar","Madagascar","the Republic of Madagascar"
"80","AND","Andorra","Andorra","Andorra","the Principality of Andorra",20,"AND","Andorra","Andorra","the Principality of Andorra"
"81","SWE","Sweden","Sweden","Sweden","the Kingdom of Sweden",752,"SWE","Sweden","Sweden","the Kingdom of Sweden"
"82","MUS","Mauritius","Mauritius","Mauritius","the Republic of Mauritius",480,"MUS","Mauritius","Mauritius","the Republic of Mauritius"
"83","UGA","Uganda","Uganda","Uganda","the Republic of Uganda",800,"UGA","Uganda","Uganda","the Republic of Uganda"
"84","MDA","Moldova","Moldova","Moldova, Republic of","the Republic of Moldova",498,"MDA","Moldova, Republic of","Republic of Moldova","the Republic of Moldova"
"85","BES","Sint Eustatius","Sint Eustatius (Neth.)","Bonaire/S.Eustatius/Saba","Bonaire, Sint Eustatius and Saba",535,"NLD","Netherlands","Bonaire, Sint Eustatius and Saba","Bonaire, Sint Eustatius and Saba"
"86","KWT","Kuwait","Kuwait","Kuwait","the State of Kuwait",414,"KWT","Kuwait","Kuwait","the State of Kuwait"
"87","TKL","Tokelau","Tokelau *","Tokelau","Tokelau",772,"NZL","New Zealand","Tokelau","Tokelau"
"88","JAM","Jamaica","Jamaica","Jamaica","Jamaica",388,"JAM","Jamaica","Jamaica","Jamaica"
"89","EGY","Bir Tawil","","Egypt","the Arab Republic of Egypt",818,"EGY","Egypt","Egypt","the Arab Republic of Egypt"
"90","GMB","Gambia","Gambia","Gambia","the Republic of the Gambia",270,"GMB","Gambia","Gambia","the Republic of the Gambia"
"91","UMI","Baker Island","Baker Island (USA)","US Minor Outlying Is.","the United States Minor Islands",581,"USA","United States of America","United States Minor Outlying Islands","the United States Minor Outlying Islands"
"92","MCO","Monaco","Monaco","Monaco","the Principality of Monaco",492,"MCO","Monaco","Monaco","the Principality of Monaco"
"93","IND","India","India","India","the Republic of India",356,"IND","India","India","the Republic of India"
"94","SHN","Saint Helena","Ascencion *","Saint Helena","Saint Helena, Ascension and Tristan da Cunha",654,"GBR","United Kingdom","Ascension, Saint Helena and Tristan da Cunha","Ascension, Saint Helena and Tristan da Cunha"
"95","ATF","French Southern Territories","French Southern Territories (Fr.)","French Southern Terr","French Southern and Antarctic Territories",260,"FRA","France","French Southern Territories","the French Southern Territories"
"96","SHN","Saint Helena","Tristan da Cunha *","Saint Helena","Saint Helena, Ascension and Tristan da Cunha",654,"GBR","United Kingdom","Ascension, Saint Helena and Tristan da Cunha","Ascension, Saint Helena and Tristan da Cunha"
"97","THA","Thailand","Thailand","Thailand","the Kingdom of Thailand",764,"THA","Thailand","Thailand","the Kingdom of Thailand"
"98","TCD","Chad","Chad","Chad","the Republic of Chad",148,"TCD","Chad","Chad","the Republic of Chad"
"99","PYF","French Polynesia","French Polynesia *","French Polynesia","French Polynesia",258,"FRA","France","French Polynesia","French Polynesia"
"100","DZA","Algeria","Algeria","Algeria","the People's Democratic Republic of Algeria",12,"DZA","Algeria","Algeria","the People's Democratic Republic of Algeria"
"101","BLZ","Belize","Belize","Belize","Belize",84,"BLZ","Belize","Belize","Belize"
"102","UMI","Jarvis Island","Jarvis Island (USA)","US Minor Outlying Is.","the United States Minor Islands",581,"USA","United States of America","United States Minor Outlying Islands","the United States Minor Outlying Islands"
"103","ITA","Italy","Italy","Italy","the Republic of Italy",380,"ITA","Italy","Italy","the Republic of Italy"
"104","OMN","Oman","Oman","Oman","the Sultanate of Oman",512,"OMN","Oman","Oman","the Sultanate of Oman"
"105","AZE","Azerbaijan","Azerbaijan","Azerbaijan","the Republic of Azerbaijan",31,"AZE","Azerbaijan","Azerbaijan","the Republic of Azerbaijan"
"106","GHA","Ghana","Ghana","Ghana","the Republic of Ghana",288,"GHA","Ghana","Ghana","the Republic of Ghana"
"107","HRV","Croatia","Croatia","Croatia","the Republic of Croatia",191,"HRV","Croatia","Croatia","the Republic of Croatia"
"108","EGY","Egypt","Egypt","Egypt","the Arab Republic of Egypt",818,"EGY","Egypt","Egypt","the Arab Republic of Egypt"
"109","FSM","Micronesia (Federated States of)","Micronesia (Federated States of)","Micronesia, Fed.States of","the Federated States of Micronesia",583,"FSM","Micronesia, Fed.States of","Micronesia (Federated States of)","the Federated States of Micronesia"
"110","UMI","Kingman Reef","Kingman Reef (USA)","US Minor Outlying Is.","the United States Minor Islands",581,"USA","United States of America","United States Minor Outlying Islands","the United States Minor Outlying Islands"
"111","MDV","Maldives","Maldives","Maldives","the Republic of Maldives",462,"MDV","Maldives","Maldives","the Republic of Maldives"
"112","COD","Democratic Republic of the Congo","Democratic Republic of the Congo","Congo, Dem. Rep. of the","the Democratic Republic of the Congo",180,"COD","Congo, Dem. Rep. of the","Democratic Republic of the Congo","the Democratic Republic of the Congo"
"113","GEO","Georgia","Georgia","Georgia","Georgia",268,"GEO","Georgia","Georgia","Georgia"
"114","ZMB","Zambia","Zambia","Zambia","the Republic of Zambia",894,"ZMB","Zambia","Zambia","the Republic of Zambia"
"115","SYC","Seychelles","Seychelles","Seychelles","the Republic of Seychelles",690,"SYC","Seychelles","Seychelles","the Republic of Seychelles"
"116","BGR","Bulgaria","Bulgaria","Bulgaria","the Republic of Bulgaria",100,"BGR","Bulgaria","Bulgaria","the Republic of Bulgaria"
"117","GRL","Greenland","Greenland (Denmark)","Greenland","Greenland",304,"DNK","Denmark","Greenland","Greenland"
"118","IRQ","Iraq","Iraq","Iraq","the Republic of Iraq",368,"IRQ","Iraq","Iraq","the Republic of Iraq"
"119","TLS","Timor-Leste","Timor-Leste","Timor-Leste","the Democratic Republic of Timor-Leste",626,"TLS","Timor-Leste","Timor-Leste","the Democratic Republic of Timor-Leste"
"120","FRA","France","France","France","the French Republic",250,"FRA","France","France","the French Republic"
"121","NER","Niger","Niger","Niger","the Republic of the Niger",562,"NER","Niger","Niger","the Republic of the Niger"
"122","SJM","Svalbard and Jan Mayen Islands","Svalbard & Jan Mayen Is. (Norw.)","Svalbard and Jan Mayen","Svalbard and Jan Mayen Islands",744,"NOR","Norway","Svalbard and Jan Mayen Islands","the Svalbard and Jan Mayen Islands"
"123","BDI","Burundi","Burundi","Burundi","the Republic of Burundi",108,"BDI","Burundi","Burundi","the Republic of Burundi"
"124","SMR","San Marino","San Marino","San Marino","the Republic of San Marino",674,"SMR","San Marino","San Marino","the Republic of San Marino"
"125","EST","Estonia","Estonia","Estonia","the Republic of Estonia",233,"EST","Estonia","Estonia","the Republic of Estonia"
"126","GBR","United Kingdom of Great Britain & Northern Ireland","United Kingdom of Great Britain & Northern Ireland","United Kingdom","the United Kingdom of Great Britain and Northern Ireland",826,"GBR","United Kingdom","United Kingdom of Great Britain and Northern Ireland","the United Kingdom of Great Britain and Northern Ireland"
"127","SOM","Somalia","Somalia","Somalia","the Federal Republic of Somalia",706,"SOM","Somalia","Somalia","the Federal Republic of Somalia"
"128","ALB","Albania","Albania","Albania","the Republic of Albania",8,"ALB","Albania","Albania","the Republic of Albania"
"129","xSI","Spratly Islands","","","",NA,"xSI","",NA,NA
"130","BWA","Botswana","Botswana","Botswana","the Republic of Botswana",72,"BWA","Botswana","Botswana","the Republic of Botswana"
"131","REU","Reunion","RÔøΩunion (Fr.)","Reunion","RÔøΩunion",638,"FRA","France","Réunion","Réunion"
"132","NLD","Netherlands","Netherlands","Netherlands","the Kingdom of the Netherlands",528,"NLD","Netherlands","Netherlands (Kingdom of the)","the Kingdom of the Netherlands"
"133","CHE","Switzerland","Switzerland","Switzerland","the Swiss Confederation",756,"CHE","Switzerland","Switzerland","the Swiss Confederation"
"134","ECU","Ecuador","Ecuador","Ecuador","the Republic of Ecuador",218,"ECU","Ecuador","Ecuador","the Republic of Ecuador"
"135","HTI","Haiti","Haiti","Haiti","the Republic of Haiti",332,"HTI","Haiti","Haiti","the Republic of Haiti"
"136","AUS","Ashmore and Cartier Islands","Ashmore & Cartier Is. (Aust.)","Australia","Australia",36,"AUS","Australia","Australia","Australia"
"137","SRB","Serbia","Serbia","Serbia","the Republic of Serbia",688,"SRB","Serbia","Serbia","the Republic of Serbia"
"138","NOR","Norway","Norway","Norway","the Kingdom of Norway",578,"NOR","Norway","Norway","the Kingdom of Norway"
"139","VNM","Viet Nam","Viet Nam","Viet Nam","the Socialist Republic of Viet Nam",704,"VNM","Viet Nam","Viet Nam","the Socialist Republic of Viet Nam"
"140","DNK","Denmark","Denmark","Denmark","the Kingdom of Denmark",208,"DNK","Denmark","Denmark","the Kingdom of Denmark"
"141","CAN","Canada","Canada","Canada","Canada",124,"CAN","Canada","Canada","Canada"
"142","xAC","Aksai Chin","","","",NA,"xAC","",NA,NA
"143","CMR","Cameroon","Cameroon","Cameroon","the Republic of Cameroon",120,"CMR","Cameroon","Cameroon","the Republic of Cameroon"
"144","UMI","Navassa Island","Navassa Island (USA)","US Minor Outlying Is.","the United States Minor Islands",581,"USA","United States of America","United States Minor Outlying Islands","the United States Minor Outlying Islands"
"145","PRT","Portugal","Portugal","Portugal","the Portuguese Republic",620,"PRT","Portugal","Portugal","the Portuguese Republic"
"146","PRY","Paraguay","Paraguay","Paraguay","the Republic of Paraguay",600,"PRY","Paraguay","Paraguay","the Republic of Paraguay"
"147","UMI","Howland Island","Howland Island (USA)","US Minor Outlying Is.","the United States Minor Islands",581,"USA","United States of America","United States Minor Outlying Islands","the United States Minor Outlying Islands"
"148","JOR","Jordan","Jordan","Jordan","the Hashemite Kingdom of Jordan",400,"JOR","Jordan","Jordan","the Hashemite Kingdom of Jordan"
"149","MYT","Mayotte","Mayotte","Mayotte","Mayotte",175,"FRA","France","Mayotte","Mayotte"
"150","LIE","Liechtenstein","Liechtenstein","Liechtenstein","the Principality of Liechtenstein",438,"LIE","Liechtenstein","Liechtenstein","the Principality of Liechtenstein"
"151","USA","United States of America","United States of America","United States of America","the United States of America",840,"USA","United States of America","United States of America","the United States of America"
"152","BLR","Belarus","Belarus","Belarus","the Republic of Belarus",112,"BLR","Belarus","Belarus","the Republic of Belarus"
"153","SVN","Slovenia","Slovenia","Slovenia","the Republic of Slovenia",705,"SVN","Slovenia","Slovenia","the Republic of Slovenia"
"154","IRL","Ireland","Ireland","Ireland","Ireland",372,"IRL","Ireland","Ireland","Ireland"
"155","PRI","Puerto Rico (USA)","Puerto Rico (USA)","Puerto Rico","Puerto Rico",630,"USA","United States of America","Puerto Rico","the Commonwealth of Puerto Rico"
"156","TKM","Turkmenistan","Turkmenistan","Turkmenistan","Turkmenistan",795,"TKM","Turkmenistan","Turkmenistan","Turkmenistan"
"157","LBR","Liberia","Liberia","Liberia","the Republic of Liberia",430,"LBR","Liberia","Liberia","the Republic of Liberia"
"158","MWI","Malawi","Malawi","Malawi","the Republic of Malawi",454,"MWI","Malawi","Malawi","the Republic of Malawi"
"159","CPV","Cabo Verde","Cape Verde","Cabo Verde","Republic of Cabo Verde",132,"CPV","Cabo Verde","Cabo Verde","the Republic of Cabo Verde"
"160","COG","Congo","Congo","Congo","the Republic of the Congo",178,"COG","Congo","Congo","the Republic of the Congo"
"161","CHL","Chile","Chile","Chile","the Republic of Chile",152,"CHL","Chile","Chile","the Republic of Chile"
"162","HKG","Hong Kong","Hong Kong, China","China, Hong Kong SAR","China, Hong Kong Special Administrative Region",344,"CHN","China","China, Hong Kong SAR","China, Hong Kong Special Administrative Region"
"163","ABW","Aruba","Aruba (Neth.)","Aruba","Aruba",533,"NLD","Netherlands","Aruba","Aruba"
"164","BIH","Bosnia and Herzegovina","Bosnia and Herzegovina","Bosnia and Herzegovina","Bosnia and Herzegovina",70,"BIH","Bosnia and Herzegovina","Bosnia and Herzegovina","Bosnia and Herzegovina"
"165","ESP","Spain","Spain","Spain","the Kingdom of Spain",724,"ESP","Spain","Spain","the Kingdom of Spain"
"166","SSD","South Sudan","South Sudan","South Sudan","the Republic of South Sudan",728,"SSD","South Sudan","South Sudan","the Republic of South Sudan"
"167","GRD","Grenada","Grenada","Grenada","Grenada",308,"GRD","Grenada","Grenada","Grenada"
"168","MNG","Mongolia","Mongolia","Mongolia","Mongolia",496,"MNG","Mongolia","Mongolia","Mongolia"
"169","CRI","Costa Rica","Costa Rica","Costa Rica","the Republic of Costa Rica",188,"CRI","Costa Rica","Costa Rica","the Republic of Costa Rica"
"170","ZWE","Zimbabwe","Zimbabwe","Zimbabwe","the Republic of Zimbabwe",716,"ZWE","Zimbabwe","Zimbabwe","the Republic of Zimbabwe"
"171","KNA","Saint Kitts and Nevis","Saint Kitts and Nevis","Saint Kitts and Nevis","Saint Kitts and Nevis",659,"KNA","Saint Kitts and Nevis","Saint Kitts and Nevis","Saint Kitts and Nevis"
"172","UMI","Wake Island","Wake Island (USA)","US Minor Outlying Is.","the United States Minor Islands",581,"USA","United States of America","United States Minor Outlying Islands","the United States Minor Outlying Islands"
"173","TJK","Tajikistan","Tajikistan","Tajikistan","the Republic of Tajikistan",762,"TJK","Tajikistan","Tajikistan","the Republic of Tajikistan"
"174","ATG","Antigua and Barbuda","Antigua and Barbuda","Antigua and Barbuda","Antigua and Barbuda",28,"ATG","Antigua and Barbuda","Antigua and Barbuda","Antigua and Barbuda"
"175","ATA","Antarctica","Antarctica","Antarctica others","Antarctica",10,"ATA","Antarctica others","Antarctica","Antarctica"
"176","ARG","Argentina","Argentina","Argentina","the Argentine Republic",32,"ARG","Argentina","Argentina","the Argentine Republic"
"177","SHN","Saint Helena","Saint Helena *","Saint Helena","Saint Helena, Ascension and Tristan da Cunha",654,"GBR","United Kingdom","Ascension, Saint Helena and Tristan da Cunha","Ascension, Saint Helena and Tristan da Cunha"
"178","SHN","Saint Helena","Gough *","Saint Helena","Saint Helena, Ascension and Tristan da Cunha",654,"GBR","United Kingdom","Ascension, Saint Helena and Tristan da Cunha","Ascension, Saint Helena and Tristan da Cunha"
"179","KIR","Kiribati","Kiribati","Kiribati","the Republic of Kiribati",296,"KIR","Kiribati","Kiribati","the Republic of Kiribati"
"180","MAF","Saint Martin","Saint Martin (Fr.)","Saint-Martin","Saint-Martin (French Part)",663,"FRA","France","Saint Martin (French part)","Saint-Martin (French part)"
"181","LTU","Lithuania","Lithuania","Lithuania","the Republic of Lithuania",440,"LTU","Lithuania","Lithuania","the Republic of Lithuania"
"182","IRN","Iran (Islamic Republic of)","Iran (Islamic Republic of)","Iran (Islamic Rep. of)","the Islamic Republic of Iran",364,"IRN","Iran (Islamic Rep. of)","Iran (Islamic Republic of)","the Islamic Republic of Iran"
"183","VUT","Vanuatu","Vanuatu","Vanuatu","the Republic of Vanuatu",548,"VUT","Vanuatu","Vanuatu","the Republic of Vanuatu"
"184","PRT","Azores Islands","Azores Islands (Port.)","Portugal","the Portuguese Republic",620,"PRT","Portugal","Portugal","the Portuguese Republic"
"185","GIB","Gibraltar","Gibraltar *","Gibraltar","Gibraltar",292,"GBR","United Kingdom","Gibraltar","Gibraltar"
"186","NIU","Niue","Niue","Niue","the Republic of Niue",570,"NZL","New Zealand","Niue","Niue"
"187","SVK","Slovakia","Slovakia","Slovakia","the Slovak Republic",703,"SVK","Slovakia","Slovakia","the Slovak Republic"
"188","TON","Tonga","Tonga","Tonga","the Kingdom of Tonga",776,"TON","Tonga","Tonga","the Kingdom of Tonga"
"189","xAB","Abyei","Abyei","","",NA,"xAB","",NA,NA
"190","GRC","Greece","Greece","Greece","the Hellenic Republic",300,"GRC","Greece","Greece","the Hellenic Republic"
"191","VAT","Holy See","Holy See","Holy See","Holy See",336,"VAT","Holy See","Holy See","the Holy See"
"192","TZA","United Republic of Tanzania","United Republic of Tanzania","Tanzania, United Rep. of","the United Republic of Tanzania",834,"TZA","Tanzania, United Rep. of","United Republic of Tanzania","the United Republic of Tanzania"
"193","BLM","Saint Barthelemy","Saint BarthÔøΩlemy (Fr.)","Saint BarthÔøΩlemy","Saint BarthÔøΩlemy",652,"FRA","France","Saint Barthélemy","Saint Barthélemy"
"194","POL","Poland","Poland","Poland","the Republic of Poland",616,"POL","Poland","Poland","the Republic of Poland"
"195","VEN","Bird Island","","Venezuela, Boliv Rep of","the Bolivarian Republic of Venezuela",862,"VEN","Venezuela, Boliv Rep of","Venezuela (Bolivarian Republic of)","the Bolivarian Republic of Venezuela"
"196","MLI","Mali","Mali","Mali","the Republic of Mali",466,"MLI","Mali","Mali","the Republic of Mali"
"197","COK","Cook Islands","Cook Islands","Cook Islands","the Cook Islands",184,"NZL","New Zealand","Cook Islands","the Cook Islands"
"198","TWN","Taiwan","Taiwan","Taiwan Province of China","Taiwan Province of China",158,"CHN","China","Taiwan Province of China","Taiwan Province of China"
"199","VCT","Saint Vincent and the Grenadines","Saint Vincent and the Grenadines","Saint Vincent/Grenadines","Saint Vincent and the Grenadines",670,"VCT","Saint Vincent/Grenadines","Saint Vincent and the Grenadines","Saint Vincent and the Grenadines"
"200","BTN","Bhutan","Bhutan","Bhutan","the Kingdom of Bhutan",64,"BTN","Bhutan","Bhutan","the Kingdom of Bhutan"
"201","VGB","British Virgin Islands","British Virgin Islands *","British Virgin Islands","British Virgin Islands",92,"GBR","United Kingdom","British Virgin Islands","the British Virgin Islands"
"202","SEN","Senegal","Senegal","Senegal","the Republic of Senegal",686,"SEN","Senegal","Senegal","the Republic of Senegal"
"203","ETH","Ethiopia","Ethiopia","Ethiopia","the Federal Democratic Republic of Ethiopia",231,"ETH","Ethiopia","Ethiopia","the Federal Democratic Republic of Ethiopia"
"204","UMI","Palmyra Atoll","Palmyra Atoll (USA)","US Minor Outlying Is.","the United States Minor Islands",581,"USA","United States of America","United States Minor Outlying Islands","the United States Minor Outlying Islands"
"205","PAN","Panama","Panama","Panama","the Republic of Panama",591,"PAN","Panama","Panama","the Republic of Panama"
"206","xJK","Jammu and Kashmir","Jammu and Kashmir **","","",NA,"xJK","",NA,NA
"207","IDN","Indonesia","Indonesia","Indonesia","the Republic of Indonesia",360,"IDN","Indonesia","Indonesia","the Republic of Indonesia"
"208","COL","Colombia","Colombia","Colombia","the Republic of Colombia",170,"COL","Colombia","Colombia","the Republic of Colombia"
"209","MMR","Myanmar","Myanmar","Myanmar","the Republic of the Union of Myanmar",104,"MMR","Myanmar","Myanmar","the Republic of the Union of Myanmar"
"210","SGS","South Georgia and the South Sandwich Islands","South Georgia and the South Sandwich Is.","SouthGeorgia/Sandwich Is","South Georgia and the South Sandwich Islands",239,"GBR","United Kingdom","South Georgia and the South Sandwich Islands","South Georgia and the South Sandwich Islands"
"211","NZL","New Zealand","New Zealand","New Zealand","New Zealand",554,"NZL","New Zealand","New Zealand","New Zealand"
"212","CYP","Cyprus","Cyprus","Cyprus","the Republic of Cyprus",196,"CYP","Cyprus","Cyprus","the Republic of Cyprus"
"213","KAZ","Kazakhstan","Kazakhstan","Kazakhstan","the Republic of Kazakhstan",398,"KAZ","Kazakhstan","Kazakhstan","the Republic of Kazakhstan"
"214","PCN","Pitcairn","Pitcairn *","Pitcairn Islands","Pitcairn Islands",612,"GBR","United Kingdom","Pitcairn","Pitcairn"
"215","MUS","Chagos Archipelago","Chagos Archipelago (Mauritius)","Mauritius","the Republic of Mauritius",480,"MUS","Mauritius","Mauritius","the Republic of Mauritius"
"216","CUW","Curacao","CuraÔøΩao (Neth.)","Curacao","CuraÔøΩao",531,"NLD","Netherlands","Curaçao","Curaçao"
"217","URY","Uruguay","Uruguay","Uruguay","the Eastern Republic of Uruguay",858,"URY","Uruguay","Uruguay","the Eastern Republic of Uruguay"
"218","IMN","Isle of Man","Isle of Man (UK)","Isle of Man","Isle of Man",833,"GBR","United Kingdom","Isle of Man","the Isle of Man"
"219","LAO","Lao People's Democratic Republic","Lao People's Democratic Republic","Lao People's Dem. Rep.","the Lao People's Democratic Republic",418,"LAO","Lao People's Dem. Rep.","Lao People's Democratic Republic","the Lao People's Democratic Republic"
"220","SAU","Saudi Arabia","Saudi Arabia","Saudi Arabia","the Kingdom of Saudi Arabia",682,"SAU","Saudi Arabia","Saudi Arabia","the Kingdom of Saudi Arabia"
"221","LUX","Luxembourg","Luxembourg","Luxembourg","the Grand Duchy of Luxembourg",442,"LUX","Luxembourg","Luxembourg","the Grand Duchy of Luxembourg"
"222","DMA","Dominica","Dominica","Dominica","the Commonwealth of Dominica",212,"DMA","Dominica","Dominica","the Commonwealth of Dominica"
"223","UMI","Johnston Atoll","Johnston Atoll (USA)","US Minor Outlying Is.","the United States Minor Islands",581,"USA","United States of America","United States Minor Outlying Islands","the United States Minor Outlying Islands"
"224","GUM","Guam","Guam *","Guam","Guam",316,"USA","United States of America","Guam","Guam"
"225","GGY","Guernsey","Guernsey (UK)","Guernsey","Bailiwick of Guernsey",831,"GBR","United Kingdom","Guernsey","the Bailiwick of Guernsey"
"226","MAR","Morocco","Morocco","Morocco","the Kingdom of Morocco",504,"MAR","Morocco","Morocco","the Kingdom of Morocco"
"227","BHR","Bahrain","Bahrain","Bahrain","the Kingdom of Bahrain",48,"BHR","Bahrain","Bahrain","the Kingdom of Bahrain"
"228","GNB","Guinea-Bissau","Guinea-Bissau","Guinea-Bissau","the Republic of Guinea-Bissau",624,"GNB","Guinea-Bissau","Guinea-Bissau","the Republic of Guinea-Bissau"
"229","CYM","Cayman Islands","Cayman Islands *","Cayman Islands","Cayman Islands",136,"GBR","United Kingdom","Cayman Islands","the Cayman Islands"
"230","QAT","Qatar","Qatar","Qatar","the State of Qatar",634,"QAT","Qatar","Qatar","the State of Qatar"
"231","GIN","Guinea","Guinea","Guinea","the Republic of Guinea",324,"GIN","Guinea","Guinea","the Republic of Guinea"
"232","RUS","Russian Federation","Russian Federation","Russian Federation","the Russian Federation",643,"RUS","Russian Federation","Russian Federation","the Russian Federation"
"233","JPN","Japan","Japan","Japan","Japan",392,"JPN","Japan","Japan","Japan"
"234","BGD","Bangladesh","Bangladesh","Bangladesh","the People's Republic of Bangladesh",50,"BGD","Bangladesh","Bangladesh","the People's Republic of Bangladesh"
"235","STP","Sao Tome and Principe","Sao Tome and Principe","Sao Tome and Principe","the Democratic Republic of Sao Tome and Principe",678,"STP","Sao Tome and Principe","Sao Tome and Principe","the Democratic Republic of Sao Tome and Principe"
"236","LSO","Lesotho","Lesotho","Lesotho","the Kingdom of Lesotho",426,"LSO","Lesotho","Lesotho","the Kingdom of Lesotho"
"237","BRA","Brazil","Brazil","Brazil","the Federative Republic of Brazil",76,"BRA","Brazil","Brazil","the Federative Republic of Brazil"
"238","BOL","Bolivia (Plurinational State of)","Bolivia (Plurinational State of)","Bolivia (Plurinat.State)","the Plurinational State of Bolivia",68,"BOL","Bolivia (Plurinat.State)","Bolivia (Plurinational State of)","the Plurinational State of Bolivia"
"239","MOZ","Mozambique","Mozambique","Mozambique","the Republic of Mozambique",508,"MOZ","Mozambique","Mozambique","the Republic of Mozambique"
"240","BES","Bonaire","Bonaire (Neth.)","Bonaire/S.Eustatius/Saba","Bonaire, Sint Eustatius and Saba",535,"NLD","Netherlands","Bonaire, Sint Eustatius and Saba","Bonaire, Sint Eustatius and Saba"
"241","PRT","Madeira Island","Madeira Islands (Port.)","Portugal","the Portuguese Republic",620,"PRT","Portugal","Portugal","the Portuguese Republic"
"242","NPL","Nepal","Nepal","Nepal","Federal Democratic Republic of Nepal",524,"NPL","Nepal","Nepal","Nepal"
"243","UMI","Midway Islands","Midway Islands (USA)","US Minor Outlying Is.","the United States Minor Islands",581,"USA","United States of America","United States Minor Outlying Islands","the United States Minor Outlying Islands"
"244","MHL","Marshall Islands","Marshall Islands","Marshall Islands","the Republic of the Marshall Islands",584,"MHL","Marshall Islands","Marshall Islands","the Republic of the Marshall Islands"
"245","ERI","Eritrea","Eritrea","Eritrea","the State of Eritrea",232,"ERI","Eritrea","Eritrea","the State of Eritrea"
"246","HUN","Hungary","Hungary","Hungary","Hungary",348,"HUN","Hungary","Hungary","Hungary"
"247","DOM","Dominican Republic","Dominican Republic","Dominican Republic","the Dominican Republic",214,"DOM","Dominican Republic","Dominican Republic","the Dominican Republic"
"248","KHM","Cambodia","Cambodia","Cambodia","the Kingdom of Cambodia",116,"KHM","Cambodia","Cambodia","the Kingdom of Cambodia"
"249","SXM","Sint Maarten","Sint Maarten (Neth.)","Sint Maarten","Sint Maarten (Dutch Part)",534,"NLD","Netherlands","Sint Maarten (Dutch part)","Sint Maarten (Dutch part)"
"250","LBY","Libya","Libya","Libya","State of Libya",434,"LBY","Libya","Libya","the State of Libya"
"251","TTO","Trinidad and Tobago","Trinidad and Tobago","Trinidad and Tobago","the Republic of Trinidad and Tobago",780,"TTO","Trinidad and Tobago","Trinidad and Tobago","the Republic of Trinidad and Tobago"
"252","MEX","Mexico","Mexico","Mexico","the United Mexican States",484,"MEX","Mexico","Mexico","the United Mexican States"
"253","LCA","Saint Lucia","Saint Lucia","Saint Lucia","Saint Lucia",662,"LCA","Saint Lucia","Saint Lucia","Saint Lucia"
"254","ARE","United Arab Emirates","United Arab Emirates","United Arab Emirates","the United Arab Emirates",784,"ARE","United Arab Emirates","United Arab Emirates","the United Arab Emirates"
"255","BVT","Bouvet Island","Bouvet Island","Bouvet Island","Bouvet Island",74,"NOR","Norway","Bouvet Island","Bouvet Island"
"256","KGZ","Kyrgyzstan","Kyrgyzstan","Kyrgyzstan","the Kyrgyz Republic",417,"KGZ","Kyrgyzstan","Kyrgyzstan","the Kyrgyz Republic"
"257","CCK","Cocos (Keeling) Islands","Cocos (Keeling) Is. (Aust.)","Cocos (Keeling) Islands","Cocos (Keeling) Islands",166,"AUS","Australia","Cocos (Keeling) Islands","the Cocos (Keeling) Islands"
"258","RWA","Rwanda","Rwanda","Rwanda","the Republic of Rwanda",646,"RWA","Rwanda","Rwanda","the Republic of Rwanda"
"259","DJI","Djibouti","Djibouti","Djibouti","the Republic of Djibouti",262,"DJI","Djibouti","Djibouti","the Republic of Djibouti"
"260","TUR","Turkey","Turkey","Turkey","the Republic of Turkey",792,"TUR","Turkey","Türkiye","the Republic of Türkiye"
"261","BEL","Belgium","Belgium","Belgium","the Kingdom of Belgium",56,"BEL","Belgium","Belgium","the Kingdom of Belgium"
"262","HND","Honduras","Honduras","Honduras","the Republic of Honduras",340,"HND","Honduras","Honduras","the Republic of Honduras"
"263","MNP","Northern Mariana Is. (USA)","Northern Mariana Is. (USA)","Northern Mariana Is.","Northern Mariana Islands",580,"USA","United States of America","Northern Mariana Islands","the Commonwealth of the Northern Mariana Islands"
"264","AUT","Austria","Austria","Austria","the Republic of Austria",40,"AUT","Austria","Austria","the Republic of Austria"
"265","NCL","New Caledonia","New Caledonia *","New Caledonia","New Caledonia",540,"FRA","France","New Caledonia","New Caledonia"
"266","PNG","Papua New Guinea","Papua New Guinea","Papua New Guinea","Independent State of Papua New Guinea",598,"PNG","Papua New Guinea","Papua New Guinea","the Independent State of Papua New Guinea"
"267","FRO","Faroe Islands","Faroe Islands (Denmark)","Faroe Islands","Faroe Islands",234,"DNK","Denmark","Faroe Islands","the Faroe Islands"
"268","PRK","Democratic People's Republic of Korea","Democratic People's Republic of Korea","Korea, Dem. People's Rep","the Democratic People's Republic of Korea",408,"PRK","Korea, Dem. People's Rep","Democratic People's Republic of Korea","the Democratic People's Republic of Korea"
"269","SUR","Suriname","Suriname","Suriname","the Republic of Suriname",740,"SUR","Suriname","Suriname","the Republic of Suriname"
"270","ISR","Israel","Israel","Israel","the State of Israel",376,"ISR","Israel","Israel","the State of Israel"
"271","ESH","Western Sahara","Western Sahara *","Western Sahara","Western Sahara",732,"ESH","Western Sahara","Western Sahara","Western Sahara"
"272","SYR","Syrian Arab Republic","Syrian Arab Republic","Syrian Arab Republic","the Syrian Arab Republic",760,"SYR","Syrian Arab Republic","Syrian Arab Republic","the Syrian Arab Republic"
"273","UZB","Uzbekistan","Uzbekistan","Uzbekistan","the Republic of Uzbekistan",860,"UZB","Uzbekistan","Uzbekistan","the Republic of Uzbekistan"
"274","PER","Peru","Peru","Peru","the Republic of Peru",604,"PER","Peru","Peru","the Republic of Peru"
"275","KEN","Kenya","Kenya","Kenya","the Republic of Kenya",404,"KEN","Kenya","Kenya","the Republic of Kenya"
"276","NAM","Namibia","Namibia","Namibia","the Republic of Namibia",516,"NAM","Namibia","Namibia","the Republic of Namibia"
"277","GAB","Gabon","Gabon","Gabon","the Gabonese Republic",266,"GAB","Gabon","Gabon","the Gabonese Republic"
"278","LVA","Latvia","Latvia","Latvia","the Republic of Latvia",428,"LVA","Latvia","Latvia","the Republic of Latvia"
"279","MKD","North Macedonia","North Macedonia","North Macedonia","the Republic of North Macedonia",807,"MKD","North Macedonia","North Macedonia","the Republic of North Macedonia"
"280","AFG","Afghanistan","Afghanistan","Afghanistan","The Islamic Republic of Afghanistan",4,"AFG","Afghanistan","Afghanistan","the Islamic Republic of Afghanistan"
"281","TCA","Turks and Caicos Islands","Turks and Caicos Islands *","Turks and Caicos Is.","Turks and Caicos Islands",796,"GBR","United Kingdom","Turks and Caicos Islands","the Turks and Caicos Islands"
"282","AIA","Anguilla","Anguilla *","Anguilla","Anguilla",660,"GBR","United Kingdom","Anguilla","Anguilla"
"283","",NA,NA,NA,NA,NA,NA,NA,"Belgium-Luxembourg",""
"284","IOT",NA,NA,NA,NA,NA,NA,NA,"British Indian Ocean Territory","the British Indian Ocean Territory"
"285","",NA,NA,NA,NA,NA,NA,NA,"Canton and Enderbury Islands","the Canton and Enderbury Islands"
"286","CSK",NA,NA,NA,NA,NA,NA,NA,"Czechoslovakia","Czechoslovakia"
"287","",NA,NA,NA,NA,NA,NA,NA,"Ethiopia PDR",""
"288","",NA,NA,NA,NA,NA,NA,NA,"Gaza Strip","the Gaza Strip"
"289","",NA,NA,NA,NA,NA,NA,NA,"Germany,New Länder",""
"290","",NA,NA,NA,NA,NA,NA,NA,"Germany, Fed. Rep. of",""
"291","JTN",NA,NA,NA,NA,NA,NA,NA,"Johnston Island","Johnston Island"
"292","MID",NA,NA,NA,NA,NA,NA,NA,"Midway Islands","the Midway Islands"
"293","ANT",NA,NA,NA,NA,NA,NA,NA,"Netherlands Antilles","Netherlands Antilles"
"294","",NA,NA,NA,NA,NA,NA,NA,"Neutral Zone","the Neutral Zone"
"295","",NA,NA,NA,NA,NA,NA,NA,"Trust Territory of the Pacific Islands","the Trust Territory of the Pacific Islands"
"296","SCG",NA,NA,NA,NA,NA,NA,NA,"Serbia and Montenegro","Serbia and Montenegro"
"297","",NA,NA,NA,NA,NA,NA,NA,"Sudan (former)","the Republic of the Sudan"
"298","SUN",NA,NA,NA,NA,NA,NA,NA,"Un. Sov. Soc. Rep.","Union of Soviet Socialist Republics"
"299","WAK",NA,NA,NA,NA,NA,NA,NA,"Wake Island","Wake Island"
"300","",NA,NA,NA,NA,NA,NA,NA,"West Bank","the West Bank"
"301","",NA,NA,NA,NA,NA,NA,NA,"Yemen Arab Republic",""
"302","",NA,NA,NA,NA,NA,NA,NA,"Yemen, Democratic",""
"303","YUG",NA,NA,NA,NA,NA,NA,NA,"Yugoslavia SFR","Socialist Federal Republic of Yugoslavia"
"304","",NA,NA,NA,NA,NA,NA,NA,"Other NEI","Other NEI"
"305","",NA,NA,NA,NA,NA,NA,NA,"Channel Islands","the Channel Islands"
"306","EAZ",NA,NA,NA,NA,NA,NA,NA,"United Republic of Tanzania, Zanzibar","the United Republic of Tanzania, Zanzibar"
"307","",NA,NA,NA,NA,NA,NA,NA,"Sark","Sark"
"308","EUR",NA,NA,NA,NA,NA,NA,NA,"European Union","the European Union"
