ID,SHORT NAME,LIST NAME,FULL NAME,ADJECTIVE/INHABITANT,CAPITAL_CITY,CURRENCY NAME,CURRENCY SYMBOL,NOTES,ENGLISH_LIST NAME15362,Afghanistan,Afghanistan,the Islamic Republic of Afghanistan,Afghan,Kabul,afghani,Af,,Afghanistan79175,SBA of Akrotiri and Dhekelia (the),Akrotiri and Dhekelia,the Sovereign Base Areas of Akrotiri and Dhekelia,,,euro,EUR; €,,Akrotiri and Dhekelia14640,Albania,Albania,the Republic of Albania,Albanian,Tirana,lek,lek,,Albania15363,Algeria,Algeria,the People's Democratic Republic of Algeria,Algerian,Algiers,Algerian dinar,DA,,Algeria84619,American Samoa,American Samoa,American Samoa,of American Samoa,Pago Pago,United States dollar,$; US$,,American Samoa79165,Andaman and Nicobar Islands (the),Andaman and Nicobar Islands,the Andaman and Nicobar Islands,,Port Blair,United States dollar,$; US$,,Andaman and Nicobar Islands19012,Andorra,Andorra,the Principality of Andorra,Andorran,Andorra la Vella,euro,EUR; €,,Andorra15364,Angola,Angola,the Republic of Angola,Angolan,Luanda,kwanza,Kz,,Angola2547,Anguilla,Anguilla,Anguilla,Anguillan,The Valley,East Caribbean dollar,EC$,,Anguilla79202,Antarctica,Antarctica,Antarctica,Antarctic,,,,,Antarctica15365,Antigua and Barbuda,Antigua and Barbuda,Antigua and Barbuda,of Antigua and Barbuda,Saint John's,East Caribbean dollar,EC$,,Antigua and Barbuda15366,Argentina,Argentina,the Argentine Republic,Argentine,Buenos Aires,Argentine peso,Arg$,,Argentina20521,Armenia,Armenia,the Republic of Armenia,Armenian,Yerevan,Armenian dram,dram,,Armenia79203,Aruba,Aruba,Aruba,,Oranjestad,Aruban Florin,afl,,Aruba79166,Arunachal Pradesh,Arunachal Pradesh,Arunachal Pradesh,,Itanagar,,,,Arunachal Pradesh19031,"Ascension, Saint Helena and Tristan da Cunha","Ascension, Saint Helena and Tristan da Cunha","Ascension, Saint Helena and Tristan da Cunha","of Ascension, Saint Helena and Tristan da Cunha",Jamestown,Saint Helena pound,£,,"Ascension, Saint Helena and Tristan da Cunha"79167,Ashmore and Cartier Islands (the),Ashmore and Cartier Islands,the Ashmore and Cartier Islands,,,,,,Ashmore and Cartier Islands15367,Australia,Australia,Australia,Australian,Canberra,Australian dollar,$A,,Australia15368,Austria,Austria,the Republic of Austria,Austrian,Vienna,euro,EUR; €,,Austria159022,"Autonomous Republic of Crimea and the city of Sevastopol, Ukraine, temporarily occupied by the Russian Federation (the)","Autonomous Republic of Crimea and the city of Sevastopol, Ukraine, temporarily occupied by the Russian Federation","the Autonomous Republic of Crimea and the city of Sevastopol, Ukraine, temporarily occupied by the Russian Federation",,,,,"In case of publications or documents with multiple references to this territory, the first reference should read “the Autonomous Republic of Crimea and the city of Sevastopol, Ukraine, temporarily occupied by the Russian Federation (hereinafter referred to as “Crimea”)”. Subsequent references can be the short term “Crimea”.

For titles, headings, websites, posters and other contents where space is limited, accepted alternatives include: (a) “the temporarily occupied Autonomous Republic of Crimea and the city of Sevastopol, Ukraine”, (b) “the Autonomous Republic of Crimea and the city of Sevastopol, Ukraine”, or (c) “eastern Ukraine” when the intention is specifically to refer to that geographical area.

On FAO maps, the term “Autonomous Republic of Crimea” should be used (please refer to the UN country map of Ukraine at: https://www.un.org/geospatial/content/ukraine). All maps must show the Autonomous Republic of Crimea within the territory of Ukraine.","Autonomous Republic of Crimea and the city of Sevastopol, Ukraine, temporarily occupied by the Russian Federation"20522,Azerbaijan,Azerbaijan,the Republic of Azerbaijan,Azerbaijani,Baku,Azerbaijan manat,manat,,Azerbaijan15369,Bahamas (the),Bahamas,the Commonwealth of the Bahamas,Bahamian,Nassau,Bahamian dollar,B$,,Bahamas15370,Bahrain,Bahrain,the Kingdom of Bahrain,Bahraini,Manama,Bahraini dinar,BD,,Bahrain79168,Baker Island,Baker Island,Baker Island,,,,,,Baker Island15371,Bangladesh,Bangladesh,the People's Republic of Bangladesh,of Bangladesh; a Bangladeshi,Dhaka,taka,Tk,,Bangladesh15372,Barbados,Barbados,Barbados,Barbadian,Bridgetown,Barbados dollar,BDS$,,Barbados79169,Bassas da India,Bassas da India,Bassas da India,,,,,,Bassas da India16382,Belarus,Belarus,the Republic of Belarus,Belarusian,Minsk,Belarusian rouble,Rbl,,Belarus15373,Belgium,Belgium,the Kingdom of Belgium,Belgian,Brussels,euro,EUR; €,,Belgium15374,Belize,Belize,Belize,Belizean,Belmopan,Belize dollar,BZ$,,Belize15375,Benin,Benin,the Republic of Benin,Beninese,Porto-Novo,CFA franc (BCEAO),CFAF,"1. The economic capital and the largest city of Benin is Cotonou. It houses many of Benin's government and diplomatic services although the official capital is Porto-Novo which is also the seat of the Parliament. 
2. CFA: Communauté Financière Africaine (African Financial Community). BCEAO: Banque centrale des États de l'Afrique de l'Ouest (Central Bank of West African States).",Benin19013,Bermuda,Bermuda,Bermuda,Bermudan,Hamilton,Bermudian dollar,BD$,,Bermuda15376,Bhutan,Bhutan,the Kingdom of Bhutan,Bhutanese,Thimphu,ngultrum,Nu,,Bhutan79170,Bird Island,Bird Island,Bird Island,,,,,,Bird Island15377,Plurinational State of Bolivia (the),Bolivia (Plurinational State of),the Plurinational State of Bolivia,Bolivian,La Paz; Sucre,boliviano,Bs,"1. Sucre is the constitutional capital, whereas La Paz is the seat of the Government.
2. Please use the short name for lists and tables, i.e. Bolivia (Plurinational State of), in alphabetical lists, tables, in-text lists preceded by a colon and nameplates. For all other purposes, including in-text lists not preceded by a colon, please use the full name, i.e. the Plurinational State of Bolivia.",Bolivia (Plurinational State of)158870,"Bonaire, Sint Eustatius and Saba","Bonaire, Sint Eustatius and Saba","Bonaire, Sint Eustatius and Saba","of Bonaire, Sint Eustatius and Saba",,United States dollar,$; US$,,"Bonaire, Sint Eustatius and Saba"25401,Bosnia and Herzegovina,Bosnia and Herzegovina,Bosnia and Herzegovina,of Bosnia and Herzegovina,Sarajevo,convertible mark,KM,,Bosnia and Herzegovina15378,Botswana,Botswana,the Republic of Botswana,of Botswana,Gaborone,pula,P,,Botswana79205,Bouvet Island,Bouvet Island,Bouvet Island,,,Norwegian krone,NKr,,Bouvet Island52486,Brazil,Brazil,the Federative Republic of Brazil,Brazilian,Brasília,Brazilian real,R$,,Brazil79206,British Indian Ocean Territory (the),British Indian Ocean Territory,the British Indian Ocean Territory,,,United States dollar,$; US$,The term is no longer in use. Please see Chagos Archipelago.,British Indian Ocean Territory19018,British Virgin Islands (the),British Virgin Islands,the British Virgin Islands,of the British Virgin Islands,Road Town,United States dollar,$; US$,,British Virgin Islands19014,Brunei Darussalam,Brunei Darussalam,Brunei Darussalam,of Brunei Darussalam,Bandar Seri Begawan,Brunei dollar,B$,,Brunei Darussalam15380,Bulgaria,Bulgaria,the Republic of Bulgaria,Bulgarian,Sofia,Bulgarian lev,lev,,Bulgaria15381,Burkina Faso,Burkina Faso,Burkina Faso,of Burkina Faso,Ouagadougou,CFA franc (BCEAO),CFAF,"CFA: Communauté Financière Africaine (African Financial Community).
BCEAO: Banque centrale des États de l'Afrique de l'Ouest (Central Bank of West African States).",Burkina Faso15382,Burundi,Burundi,the Republic of Burundi,of Burundi; Burundian,Gitega,Burundi franc,F Bu,Capital city changed from Bujumbura to Gitega effective 1 April 2019.,Burundi15386,Cabo Verde,Cabo Verde,the Republic of Cabo Verde,Cabo Verdean ,Praia,Cabo Verde escudo,CVEsc,"The former name ""Cape Verde"" was replaced by ""Cabo Verde"" on 25 October 2013. ",Cabo Verde15383,Cambodia,Cambodia,the Kingdom of Cambodia,Cambodian,Phnom Penh,riel,CR,,Cambodia15384,Cameroon,Cameroon,the Republic of Cameroon,Cameroonian,Yaoundé,CFA franc (BEAC),CFAF,CFA: Coopération Financière en Afrique Centrale (Central African Financial Cooperation). BEAC: Banque des États de l’Afrique Centrale (Bank of Central African States).,Cameroon15385,Canada,Canada,Canada,Canadian,Ottawa,Canadian dollar,Can$,,Canada79171,Canary Islands (the),Canary Islands,the Canary Islands,,Las Palmas de Gran Canaria,euro,EUR; €,,Canary Islands79210,Canton and Enderbury Islands (the),Canton and Enderbury Islands,the Canton and Enderbury Islands,,,,,,Canton and Enderbury Islands19015,Cayman Islands (the),Cayman Islands,the Cayman Islands,Caymanian,George Town,Cayman Islands dollar,$,,Cayman Islands15387,Central African Republic (the),Central African Republic,the Central African Republic,of the Central African Republic; Central African,Bangui,CFA franc (BEAC),CFAF,CFA: Coopération Financière en Afrique Centrale (Central African Financial Cooperation). BEAC: Banque des États de l’Afrique Centrale (Bank of Central African States).,Central African Republic15388,Chad,Chad,the Republic of Chad,Chadian,N'Djamena,CFA franc (BEAC),CFAF,CFA: Coopération Financière en Afrique Centrale (Central African Financial Cooperation). BEAC: Banque des États de l’Afrique Centrale (Bank of Central African States).,Chad159019,Chagos Archipelago (the),Chagos Archipelago,the Chagos Archipelago,,,,,,Chagos Archipelago79207,Channel Islands (the),Channel Islands,the Channel Islands,,,,,,Channel Islands15389,Chile,Chile,the Republic of Chile,Chilean,Santiago,Chilean peso,Ch$,,Chile15390,China,China,the People's Republic of China,Chinese,Beijing,renminbi (monetary unit: yuan),RMB; ¥,"FAOSTAT label of China has two concepts of interpretation (i.e. FAOSTAT Area Codes 41 and 351): Code 41 includes China Mainland and it is used for production statistics and similar domains. Code 351 includes: China Mainland; Taiwan Province of China; China, Hong Kong SAR and China, Macao SAR; this Code is used for trade statistics. (Source: ESS Division, FAO, November 2012).",China79208,"China, Hong Kong SAR","China, Hong Kong SAR","China, Hong Kong Special Administrative Region",,,Hong Kong dollar,HK$,,"China, Hong Kong SAR"79209,"China, Macao SAR","China, Macao SAR","China, Macao Special Administrative Region",,,pataca,MOP$,,"China, Macao SAR"79211,Christmas Island,Christmas Island,Christmas Island,,,Australian dollar,$A,,Christmas Island79172,Clipperton Island,Clipperton Island,Clipperton Island,,,,,,Clipperton Island79212,Cocos (Keeling) Islands (the),Cocos (Keeling) Islands,the Cocos (Keeling) Islands,,,Australian dollar,$A,,Cocos (Keeling) Islands15391,Colombia,Colombia,the Republic of Colombia,Colombian,Bogotá,Colombian peso,Col$,,Colombia15392,Comoros (the),Comoros,the Union of the Comoros,Comorian,Moroni,Comorian franc,CF,,Comoros15393,Congo (the),Congo,the Republic of the Congo,Congolese,Brazzaville,CFA franc (BEAC),CFAF,CFA: Coopération Financière en Afrique Centrale (Central African Financial Cooperation). BEAC: Banque des États de l’Afrique Centrale (Bank of Central African States).,Congo15394,Cook Islands (the),Cook Islands,the Cook Islands,of the Cook Islands; Cook Islander,Avarua,New Zealand dollar,$NZ,,Cook Islands79173,Coral Sea Islands Territory (the),Coral Sea Islands Territory,the Coral Sea Islands Territory,,,,,,Coral Sea Islands Territory15395,Costa Rica,Costa Rica,the Republic of Costa Rica,Costa Rican,San José,Costa Rican colón,_,,Costa Rica25066,Croatia,Croatia,the Republic of Croatia,Croatian,Zagreb,euro,EUR; €,,Croatia15397,Cuba,Cuba,the Republic of Cuba,Cuban,Havana,Cuban peso,$,,Cuba158871,Curaçao,Curaçao,Curaçao,of Curaçao,,Netherlands Antillean guilder,Naf,,Curaçao15398,Cyprus,Cyprus,the Republic of Cyprus,Cypriot,Nicosia,euro,EUR; €,,Cyprus32174,Czechia,Czechia,the Czech Republic,Czech,Prague,Czech koruna,CZK,New short name from 17 May 2016.,Czechia15396,Côte d'Ivoire,Côte d'Ivoire,the Republic of Côte d'Ivoire,Ivorian,Yamoussoukro,CFA franc (BCEAO),CFAF,CFA: Communauté Financière Africaine (African Financial Community). BCEAO: Banque centrale des États de l'Afrique de l'Ouest (Central Bank of West African States).,Côte d'Ivoire15399,Democratic People's Republic of Korea (the),Democratic People's Republic of Korea,the Democratic People's Republic of Korea,of the Democratic People's Republic of Korea,Pyongyang,monetary unit: won,_,,Democratic People's Republic of Korea15513,Democratic Republic of the Congo (the),Democratic Republic of the Congo,the Democratic Republic of the Congo,of the Democratic Republic of the Congo; Congolese,Kinshasa,Congolese franc,CGF,,Democratic Republic of the Congo15400,Denmark,Denmark,the Kingdom of Denmark,Danish; of Denmark; a Dane,Copenhagen,Danish krone,DKr,,Denmark79174,Diego Garcia,Diego Garcia,Diego Garcia,,,,,,Diego Garcia15401,Djibouti,Djibouti,the Republic of Djibouti,(of) Djibouti; a Djiboutian,Djibouti,Djibouti franc,DF,,Djibouti15402,Dominica,Dominica,the Commonwealth of Dominica,of Dominica,Roseau,East Caribbean dollar,EC$,,Dominica15403,Dominican Republic (the),Dominican Republic,the Dominican Republic,Dominican,Santo Domingo,Dominican peso,RD$,,Dominican Republic15404,Ecuador,Ecuador,the Republic of Ecuador,Ecuadorian,Quito,United States dollar,$; US$,,Ecuador15405,Egypt,Egypt,the Arab Republic of Egypt,Egyptian,Cairo,Egyptian pound,LE,,Egypt15406,El Salvador,El Salvador,the Republic of El Salvador,Salvadorean; Salvadoran,San Salvador,El Salvador colón,¢,Both the United States dollar and El Salvador colón are legal in the country.,El Salvador15407,Equatorial Guinea,Equatorial Guinea,the Republic of Equatorial Guinea,of Equatorial Guinea,Malabo,CFA franc (BEAC),CFAF,CFA: Coopération Financière en Afrique Centrale (Central African Financial Cooperation). BEAC: Banque des États de l’Afrique Centrale (Bank of Central African States).,Equatorial Guinea2810,Eritrea,Eritrea,the State of Eritrea,Eritrean,Asmara,nakfa,ERN,,Eritrea15533,Estonia,Estonia,the Republic of Estonia,Estonian,Tallinn,euro,EUR; €,,Estonia15492,Eswatini,Eswatini,the Kingdom of Eswatini,Swazi,Mbabane,lilangeni,E,"Effective 19 April 2018, the country full name was changed from Kingdom of Swaziland (short name: Swaziland) to Kingdom of Eswatini (short name: Eswatini).",Eswatini15408,Ethiopia,Ethiopia,the Federal Democratic Republic of Ethiopia,Ethiopian,Addis Ababa,Ethiopian birr,Br,,Ethiopia79176,Europa Island,Europa Island,Europa Island,,,,,,Europa Island50484,European Union (the),European Union,the European Union,of the European Union,,euro,EUR; €,"In the context of FAO membership, FAO Conference, FAO Council, etc., use the following: European Union (Member Organization).
",European Union24504,Falkland Islands (Malvinas) (the),Falkland Islands (Malvinas),the Falkland Islands (Malvinas),of the Falkland Islands (Malvinas),Stanley,Falkland Islands pound,£,A dispute exists between the Governments of Argentina and the United Kingdom of Great Britain and Northern Ireland concerning sovereignty over the Falkland Islands (Malvinas).,Falkland Islands (Malvinas)2993,Faroe Islands (the),Faroe Islands,the Faroe Islands,Faroese,Thorshavn,Danish krone,DKr,Associate Member.,Faroe Islands15409,Fiji,Fiji,the Republic of Fiji,of Fiji; Fiji Islander,Suva,Fiji dollar,F$,,Fiji15410,Finland,Finland,the Republic of Finland,Finnish; a Finn,Helsinki,euro,EUR; €,,Finland15411,France,France,the French Republic,French; Frenchman; Frenchwoman,Paris,euro,EUR; €,,France19016,French Guiana,French Guiana,French Guiana,of French Guiana,Cayenne,euro,EUR; €,,French Guiana19017,French Polynesia,French Polynesia,French Polynesia,of French Polynesia,Papeete,CFP franc,CFPF,CFP: Colonies françaises du Pacifique (French colonies of the Pacific).,French Polynesia19019,French Southern Territories (the),French Southern Territories,the French Southern Territories,of the French Southern Territories,,euro,EUR; €,"The French Southern and Antarctic Territories (FQ, ATF, --) are now part of Antarctica and of the French Southern Territories.",French Southern Territories15412,Gabon,Gabon,the Gabonese Republic,Gabonese,Libreville,CFA franc (BEAC),CFAF,CFA: Coopération Financière en Afrique Centrale (Central African Financial Cooperation). BEAC: Banque des États de l’Afrique Centrale (Bank of Central African States).,Gabon15413,Gambia (the),Gambia,the Republic of the Gambia,Gambian,Banjul,dalasi,D,"The short name includes the article “the” before Gambia, but alphabetically is listed under G.",Gambia79214,Gaza Strip (the),Gaza Strip,the Gaza Strip,,,,,"For statistical purposes please use ""Palestine"". Kindly note the term ""Gaza Strip"" may only be used when referring to the specific geographical area within the territory of Palestine. Also the short form ""Gaza"" is used.",Gaza Strip29137,Georgia,Georgia,Georgia,Georgian,Tbilisi,lari,Iari,,Georgia15414,Germany,Germany,the Federal Republic of Germany,German,Berlin,euro,EUR; €,,Germany15415,Ghana,Ghana,the Republic of Ghana,Ghanaian,Accra,Ghanaian cedi,¢,,Ghana7671,Gibraltar,Gibraltar,Gibraltar,Gibraltarian; of Gibraltar,Gibraltar,Gibraltar pound,£,,Gibraltar79177,Glorioso Islands (the),Glorioso Islands,the Glorioso Islands,,,,,,Glorioso Islands79215,Golan Heights (the),Golan Heights,the Golan Heights,,,,,,Golan Heights79218,Greater Antilles (the),Greater Antilles,the Greater Antilles,,,,,,Greater Antilles15416,Greece,Greece,the Hellenic Republic,Greek,Athens,euro,EUR; €,,Greece79216,Greenland,Greenland,Greenland,; Greenlander,Nuuk,Danish krone,DKr,,Greenland15417,Grenada,Grenada,Grenada,Grenadian,Saint George's,East Caribbean dollar,EC$,,Grenada19020,Guadeloupe,Guadeloupe,Guadeloupe,of Guadeloupe,Basse-Terre,euro,EUR; €,,Guadeloupe7927,Guam,Guam,Guam,Guamanian,Agaña,United States dollar,$; US$,,Guam15418,Guatemala,Guatemala,the Republic of Guatemala,Guatemalan,Guatemala City,quetzal,Q,,Guatemala79217,Guernsey,Guernsey,the Bailiwick of Guernsey,,Saint Peter Port,pound sterling,£; £ stg.,,Guernsey15419,Guinea,Guinea,the Republic of Guinea,Guinean,Conakry,Guinean franc,GF,,Guinea15420,Guinea-Bissau,Guinea-Bissau,the Republic of Guinea-Bissau,of Guinea-Bissau,Bissau,CFA franc (BCEAO),CFAF,CFA: Communauté Financière Africaine (African Financial Community). BCEAO: Banque centrale des États de l'Afrique de l'Ouest (Central Bank of West African States).,Guinea-Bissau15421,Guyana,Guyana,the Co-operative Republic of Guyana,Guyanese,Georgetown,Guyana dollar,G$,,Guyana15422,Haiti,Haiti,the Republic of Haiti,Haitian,Port-au-Prince,gourde,G,,Haiti79178,Hala'ib Triangle (the),Hala'ib Triangle,the Hala'ib Triangle,,,,,,Hala'ib Triangle79219,Heard Island and McDonald Islands,Heard Island and McDonald Islands,Heard Island and McDonald Islands,,,,,,Heard Island and McDonald Islands19021,Holy See (the),Holy See,the Holy See,of the Holy See,Vatican City,euro,EUR; €,,Holy See15423,Honduras,Honduras,the Republic of Honduras,Honduran,Tegucigalpa,Honduran lempira,L,,Honduras79179,Howland Island,Howland Island,Howland Island,,,,,,Howland Island15424,Hungary,Hungary,Hungary,Hungarian,Budapest,Hungarian forint,Ft,,Hungary15425,Iceland,Iceland,Iceland,Icelandic; an Icelander,Reykjavik,Icelandic krona,ISK,,Iceland79180,Ilemi Triangle (the),Ilemi Triangle,the Ilemi Triangle,,,,,,Ilemi Triangle15426,India,India,the Republic of India,Indian,New Delhi,Indian rupee,_,,India15427,Indonesia,Indonesia,the Republic of Indonesia,Indonesian,Jakarta,Indonesian rupiah,Rp,,Indonesia15428,Islamic Republic of Iran (the),Iran (Islamic Republic of),the Islamic Republic of Iran,Iranian,Tehran,Iranian rial,Rls,"Please use the short name for lists and tables, i.e. Iran (Islamic Republic of), in alphabetical lists, tables, in-text lists preceded by a colon and nameplates. For all other purposes, including in-text lists not preceded by a colon, please use the full name, i.e. the Islamic Republic of Iran.",Iran (Islamic Republic of)15429,Iraq,Iraq,the Republic of Iraq,Iraqi,Baghdad,Iraqi dinar,ID,,Iraq15430,Ireland,Ireland,Ireland,Irish; the Irish; an Irishman,Dublin,euro,EUR; €,,Ireland79221,Isle of Man (the),Isle of Man,the Isle of Man,,Douglas,pound sterling,£; £ stg.,,Isle of Man15431,Israel,Israel,the State of Israel,Israeli,See the remarks.,new Israeli shekel,NIS,"The State of Israel has established its capital in Jerusalem where the President, the Knesset, the Government and the Supreme Court sit. Nonetheless, in the absence of an international agreement on the status of this city, most embassies are in Tel Aviv-Jaffa.",Israel15432,Italy,Italy,the Republic of Italy,Italian,Rome,euro,EUR; €,,Italy15433,Jamaica,Jamaica,Jamaica,Jamaican,Kingston,Jamaican dollar,J$,,Jamaica79181,Jammu and Kashmir,Jammu and Kashmir,Jammu and Kashmir,,Jammu; Srinagar,,,Srinagar: winter capital. Jammu: summer capital.,Jammu and Kashmir15434,Japan,Japan,Japan,Japanese,Tokyo,yen,¥,,Japan79182,Jarvis Island,Jarvis Island,Jarvis Island,,,,,,Jarvis Island79222,Jersey,Jersey,the Bailiwick of Jersey,,Saint Helier,pound sterling,£; £ stg.,,Jersey159016,Johnston Atoll,Johnston Atoll,Johnston Atoll,,,,,,Johnston Atoll79223,Johnston Island,Johnston Island,Johnston Island,,,,,"Johnston Island, the Midway Islands, the United States Miscellaneous Pacific Islands and Wake Island have been reunited under the United States Minor Outlying Islands. ",Johnston Island15435,Jordan,Jordan,the Hashemite Kingdom of Jordan,Jordanian,Amman,Jordanian dinar,JD,,Jordan79183,Juan de Nova Island,Juan de Nova Island,Juan de Nova Island,,,,,,Juan de Nova Island24383,Kazakhstan,Kazakhstan,the Republic of Kazakhstan,Kazakh,Astana,tenge,T,The capital city is Astana. Between 27 March 2019 and 29 September 2022 the name of the capital city was Nur-Sultan.,Kazakhstan15436,Kenya,Kenya,the Republic of Kenya,Kenyan,Nairobi,Kenya shilling,K Sh,,Kenya79201,Kerguelen Islands (the),Kerguelen Islands,the Kerguelen Islands,,,,,,Kerguelen Islands79184,Kingman Reef,Kingman Reef,Kingman Reef,,,,,,Kingman Reef19023,Kiribati,Kiribati,the Republic of Kiribati,of Kiribati,Tarawa,Australian dollar,$A,The administrative centre of the Government is Bairiki. Tarawa is the name of the atoll on which Bairiki is found.,Kiribati159018,Kosovo,Kosovo,Kosovo,,Pristina,,,"With the first reference to Kosovo in a document or presentation, a note must be added reading: “References to Kosovo shall be understood to be in the context of Security Council resolution 1244 (1999)”. ",Kosovo79185,Kuril Islands (the),Kuril Islands,the Kuril Islands,,,,,,Kuril Islands15437,Kuwait,Kuwait,the State of Kuwait,Kuwaiti,Kuwait City,Kuwaiti dinar,KD,,Kuwait20523,Kyrgyzstan,Kyrgyzstan,the Kyrgyz Republic,Kyrgyz,Bishkek,som,som,,Kyrgyzstan15438,Lao People's Democratic Republic (the),Lao People's Democratic Republic,the Lao People's Democratic Republic,a Lao; the Lao,Vientiane,Lao kip,KN,,Lao People's Democratic Republic15531,Latvia,Latvia,the Republic of Latvia,Latvian,Riga,euro,EUR; €,,Latvia15439,Lebanon,Lebanon,the Lebanese Republic,Lebanese,Beirut,Lebanese pound,LL,,Lebanon15440,Lesotho,Lesotho,the Kingdom of Lesotho,of Lesotho,Maseru,loti,M,,Lesotho159017,Lesser Antilles (the),Lesser Antilles,the Lesser Antilles,,,,,,Lesser Antilles79186,Liancourt Rocks (the),Liancourt Rocks,the Liancourt Rocks,,,,,,Liancourt Rocks15441,Liberia,Liberia,the Republic of Liberia,Liberian,Monrovia,Liberian dollar,$,,Liberia15442,Libya,Libya,the State of Libya,Libyan,Tripoli,Libyan dinar,LD,"On 22 December 2017, the official name of the country became ""the State of Libya"". Nonetheless, the short name is still ""Libya"", it therefore continues to be alphabetically listed under L.
",Libya19024,Liechtenstein,Liechtenstein,the Principality of Liechtenstein,of Liechtenstein,Vaduz,Swiss franc,SwF,,Liechtenstein15532,Lithuania,Lithuania,the Republic of Lithuania,Lithuanian,Vilnius,euro,EUR; €,,Lithuania15443,Luxembourg,Luxembourg,the Grand Duchy of Luxembourg,of Luxembourg,Luxembourg,euro,EUR; €,,Luxembourg79188,Ma'tan al-Sarra,Ma'tan al-Sarra,Ma'tan al-Sarra,,,,,,Ma'tan al-Sarra15444,Madagascar,Madagascar,the Republic of Madagascar,Malagasy,Antananarivo,Malagasy ariary,MGA,,Madagascar79187,Madeira Islands (the),Madeira Islands,the Madeira Islands,,Funchal,,,,Madeira Islands15445,Malawi,Malawi,the Republic of Malawi,Malawian,Lilongwe,Malawi kwacha,MK,,Malawi15446,Malaysia,Malaysia,Malaysia,Malaysian,Kuala Lumpur,Malaysian ringgit,RM,,Malaysia15447,Maldives,Maldives,the Republic of Maldives,Maldivian,Male' (or Male - no apostrophe),rufiyaa,Rf,,Maldives15448,Mali,Mali,the Republic of Mali,Malian,Bamako,CFA franc (BCEAO),CFAF,"CFA: Communauté Financière Africaine (African Financial Community).
BCEAO: Banque centrale des États de l'Afrique de l'Ouest (Central Bank of West African States).",Mali15449,Malta,Malta,the Republic of Malta,Maltese,Valletta,euro,EUR; €,,Malta79189,Marion Island,Marion Island,Marion Island,,,,,,Marion Island15519,Marshall Islands (the),Marshall Islands,the Republic of the Marshall Islands,of the Marshall Islands; Marshallese,Majuro,United States dollar,$; US$,"1. Governmental buildings are housed on three islands of Majuro atoll: Darrit, Uliga, and Delap. 
2. On 22 December 1990, Security Council Resolution 683 recognized that the applicability of the Trust Territory of the Pacific Islands created by the Trusteeship Agreement was terminated and that the Northern Mariana Islands, the Federated States of Micronesia, the Marshall Islands and Palau could adopt resolutions approving their new status.",Marshall Islands19025,Martinique,Martinique,Martinique,Martinican,Fort-de-France,euro,EUR; €,,Martinique15450,Mauritania,Mauritania,the Islamic Republic of Mauritania,Mauritanian,Nouakchott,ouguiya,UM,,Mauritania15451,Mauritius,Mauritius,the Republic of Mauritius,Mauritian,Port Louis,Mauritian rupee,MUR,,Mauritius79224,Mayotte,Mayotte,Mayotte,,Mamoutzou,euro,EUR; €,,Mayotte15452,Mexico,Mexico,the United Mexican States,Mexican,Mexico City,Mexican peso,Mex$,,Mexico15518,Federated States of Micronesia (the),Micronesia (Federated States of),the Federated States of Micronesia,of the Federated States of Micronesia,Palikir,United States dollar,$; US$,"1. On 22 December 1990, Security Council Resolution 683 recognized that the applicability of the Trust Territory of the Pacific Islands created by the Trusteeship Agreement was terminated and that the Northern Mariana Islands, the Federated States of Micronesia, the Marshall Islands and Palau could adopt resolutions approving their new status.
2. Please use the short name for lists and tables, i.e. Micronesia (Federated States of), in alphabetical lists, tables, in-text lists preceded by a colon and nameplates. For all other purposes, including in-text lists not preceded by a colon, please use the full name, i.e. the Federated States of Micronesia.",Micronesia (Federated States of)159021,Midway Islands (the),Midway Islands,the Midway Islands,,,,,"Johnston Island, the Midway Islands, the United States Miscellaneous Pacific Islands and Wake Island have been reunited under the United States Minor Outlying Islands. ",Midway Islands19026,Monaco,Monaco,the Principality of Monaco,Monegasque,Monaco,euro,EUR; €,,Monaco15453,Mongolia,Mongolia,Mongolia,Mongolian,Ulaanbaatar,tugrik,Tog,,Mongolia72720,Montenegro,Montenegro,Montenegro,Montenegrin,Podgorica,euro,EUR; €,,Montenegro19027,Montserrat,Montserrat,Montserrat,of Montserrat,Plymouth,East Caribbean dollar,EC$,,Montserrat15454,Morocco,Morocco,the Kingdom of Morocco,Moroccan,Rabat,Moroccan dirham,DH,,Morocco15455,Mozambique,Mozambique,the Republic of Mozambique,Mozambican,Maputo,metical,MT,,Mozambique15456,Myanmar,Myanmar,the Republic of the Union of Myanmar,of Myanmar,Nay Pyi Taw,kyat,K,,Myanmar159020,Nagorno-Karabakh region of Azerbaijan (the),Nagorno-Karabakh region of Azerbaijan,the Nagorno-Karabakh region of Azerbaijan,,,,,The region is part of the Republic of Azerbaijan.,Nagorno-Karabakh region of Azerbaijan15457,Namibia,Namibia,the Republic of Namibia,Namibian,Windhoek,rand; Namibia dollar,R; N$,,Namibia19028,Nauru,Nauru,the Republic of Nauru,Nauruan,Yaren,Australian dollar,$A,,Nauru79191,Navassa Island,Navassa Island,Navassa Island,,,,,,Navassa Island15458,Nepal,Nepal,Nepal,Nepalese; Nepalese,Kathmandu,Nepalese rupee,Nr,"Effective 14 December 2020, the country full name was changed from the Federal Democratic Republic of Nepal to Nepal. ",Nepal15459,Kingdom of the Netherlands (the),Netherlands (Kingdom of the),the Kingdom of the Netherlands,Netherlands; a Netherlander,Amsterdam,euro,EUR; €,"1. The capital of the Kingdom of the Netherlands is Amsterdam, even though the States General and the Government have both been situated in The Hague since 1588. The status of Amsterdam as capital city of the Kingdom of the Netherlands is governed by the Constitution of 24 August 1815 and its successors.
2. Please use the short name for lists and tables, i.e. Netherlands (Kingdom of the), in alphabetical lists, tables, in-text lists preceded by a colon and nameplates. For all other purposes, including in-text lists not preceded by a colon, please use the full name, i.e. the Kingdom of the Netherlands.",Netherlands (Kingdom of the)79225,Neutral Zone (the),Neutral Zone,the Neutral Zone,,,,,,Neutral Zone31267,New Caledonia,New Caledonia,New Caledonia,New Caledonian,Nouméa,CFP franc,CFPF,CFP: Colonies françaises du Pacifique (French colonies of the Pacific).,New Caledonia15460,New Zealand,New Zealand,New Zealand,of New Zealand; a New Zealander,Wellington,New Zealand dollar,$NZ,,New Zealand15461,Nicaragua,Nicaragua,the Republic of Nicaragua,Nicaraguan,Managua,córdoba,C$,,Nicaragua15462,Niger (the),Niger,the Republic of the Niger,of the Niger,Niamey,CFA franc (BCEAO),CFAF,"CFA: Communauté Financière Africaine (African Financial Community).
BCEAO: Banque centrale des États de l'Afrique de l'Ouest (Central Bank of West African States).",Niger15463,Nigeria,Nigeria,the Federal Republic of Nigeria,Nigerian,Abuja,naira,_,,Nigeria19029,Niue,Niue,Niue,Niuean,Alofi,New Zealand dollar,$NZ,,Niue79226,Norfolk Island,Norfolk Island,Norfolk Island,,,Australian dollar,$A,,Norfolk Island32263,North Macedonia,North Macedonia,the Republic of North Macedonia,of the Republic of North Macedonia; of North Macedonia; Macedonian,Skopje,denar,Mden,"Effective 14 February 2019, the country full name was changed from former Yugoslav Republic of Macedonia to the Republic of North Macedonia.",North Macedonia79227,Northern Mariana Islands (the),Northern Mariana Islands,the Commonwealth of the Northern Mariana Islands,,,United States dollar,$; US$,"On 22 December 1990, Security Council Resolution 683 recognized that the applicability of the Trust Territory of the Pacific Islands created by the Trusteeship Agreement was terminated and that the Northern Mariana Islands, the Federated States of Micronesia, the Marshall Islands and Palau could adopt resolutions approving their new status.",Northern Mariana Islands15464,Norway,Norway,the Kingdom of Norway,Norwegian,Oslo,Norwegian krone,NKr,,Norway79228,Occupied Palestinian Territory (the),Occupied Palestinian Territory,the Occupied Palestinian Territory,,,,,"1. For statistical purposes please use ""Palestine"". 
2. Also the abbreviation ""OPT"" is sometimes used.",Occupied Palestinian Territory15465,Oman,Oman,the Sultanate of Oman,Omani,Muscat,Omani rial,RO,,Oman15466,Pakistan,Pakistan,the Islamic Republic of Pakistan,of Pakistan; a Pakistani,Islamabad,Pakistan rupee,PRs,,Pakistan3632,Palau,Palau,the Republic of Palau,of Palau,Melekeok,United States dollar,$; US$,"On 22 December 1990, Security Council Resolution 683 recognized that the applicability of the Trust Territory of the Pacific Islands created by the Trusteeship Agreement was terminated and that the Northern Mariana Islands, the Federated States of Micronesia, the Marshall Islands and Palau could adopt resolutions approving their new status.",Palau79230,Palestine,Palestine,Palestine,Palestinian,,,,To be used for statistical purposes.,Palestine79192,Palmyra Atoll,Palmyra Atoll,Palmyra Atoll,,,,,,Palmyra Atoll15467,Panama,Panama,the Republic of Panama,Panamanian,Panama City,balboa,B,,Panama79231,"Panama, Former Canal Zone","Panama, Former Canal Zone","Panama, Former Canal Zone",,,balboa,B,,"Panama, Former Canal Zone"15468,Papua New Guinea,Papua New Guinea,the Independent State of Papua New Guinea,of Papua New Guinea; a Papua New Guinean,Port Moresby,kina,K,,Papua New Guinea79193,Paracel Islands (the),Paracel Islands,the Paracel Islands,,,,,,Paracel Islands15469,Paraguay,Paraguay,the Republic of Paraguay,Paraguayan,Asunción,guaraní,G,,Paraguay79232,Persian Gulf (the),Persian Gulf,the Persian Gulf,,,,,,Persian Gulf15470,Peru,Peru,the Republic of Peru,Peruvian,Lima,sol,S/.,,Peru15471,Philippines (the),Philippines,the Republic of the Philippines,Philippine; a Filipino,Manila,Philippine peso,_,,Philippines79233,Pitcairn,Pitcairn,Pitcairn,,Adamstown,New Zealand dollar,$NZ,Previously listed as Pitcairn Island.,Pitcairn15472,Poland,Poland,the Republic of Poland,Polish; a Pole,Warsaw,zloty,ZI,,Poland15473,Portugal,Portugal,the Portuguese Republic,Portuguese,Lisbon,euro,EUR; €,,Portugal79194,Prince Edward Island,Prince Edward Island,Prince Edward Island,,Charlottetown,,,,Prince Edward Island15534,Puerto Rico,Puerto Rico,the Commonwealth of Puerto Rico,Puerto Rican,San Juan,United States dollar,$; US$,,Puerto Rico15474,Qatar,Qatar,the State of Qatar,of Qatar; Qatari,Doha,Qatari riyal,QR,,Qatar15517,Republic of Korea (the),Republic of Korea,the Republic of Korea,of the Republic of Korea,Seoul,won,_,,Republic of Korea84698,Republic of Moldova (the),Republic of Moldova,the Republic of Moldova,Moldovan,Chisinau,Moldovan leu,MDL,,Republic of Moldova15475,Romania,Romania,Romania,Romanian,Bucharest,Romanian leu,Leu,,Romania79234,Ross Dependency (the),Ross Dependency,the Ross Dependency,,,,,,Ross Dependency19040,Russian Federation (the),Russian Federation,the Russian Federation,of the Russian Federation; Russian,Moscow,Russian rouble,Rub,,Russian Federation15476,Rwanda,Rwanda,the Republic of Rwanda,Rwandan,Kigali,Rwanda franc,RF,,Rwanda19030,Réunion,Réunion,Réunion,of Réunion,Saint-Denis,euro,EUR; €,,Réunion158874,Saint Barthélemy,Saint Barthélemy,Saint Barthélemy,of Saint Barthélemy,Gustavia,euro,EUR; €,,Saint Barthélemy15477,Saint Kitts and Nevis,Saint Kitts and Nevis,Saint Kitts and Nevis,of Saint Kitts and Nevis,Basseterre,East Caribbean dollar,EC$,,Saint Kitts and Nevis15478,Saint Lucia,Saint Lucia,Saint Lucia,Saint Lucian,Castries,East Caribbean dollar,EC$,,Saint Lucia158873,Saint Martin (French part),Saint Martin (French part),Saint Martin (French part),of Saint Martin (French part),Marigot,euro,EUR; €,,Saint Martin (French part)19032,Saint Pierre and Miquelon,Saint Pierre and Miquelon,Saint Pierre and Miquelon,of Saint Pierre and Miquelon; of Saint Pierre; of Miquelon,Saint-Pierre,euro,EUR; €,,Saint Pierre and Miquelon15479,Saint Vincent and the Grenadines,Saint Vincent and the Grenadines,Saint Vincent and the Grenadines,of Saint Vincent and the Grenadines,Kingstown,East Caribbean dollar,EC$,,Saint Vincent and the Grenadines15480,Samoa,Samoa,the Independent State of Samoa,Samoan,Apia,tala,SAT,,Samoa19033,San Marino,San Marino,the Republic of San Marino,of San Marino; San Marinese,San Marino,euro,EUR; €,,San Marino15481,Sao Tome and Principe,Sao Tome and Principe,the Democratic Republic of Sao Tome and Principe,of Sao Tome and Principe,Sao Tome,dobra,Db,,Sao Tome and Principe15482,Saudi Arabia,Saudi Arabia,the Kingdom of Saudi Arabia,Saudi Arabian,Riyadh,Saudi Arabian riyal; Saudi riyal,SRl; SRls,,Saudi Arabia79195,Scarborough Reef,Scarborough Reef,Scarborough Reef,,,,,,Scarborough Reef15483,Senegal,Senegal,the Republic of Senegal,Senegalese,Dakar,CFA franc (BCEAO),CFAF,"CFA: Communauté Financière Africaine (African Financial Community).
BCEAO: Banque centrale des États de l'Afrique de l'Ouest (Central Bank of West African States).",Senegal79196,Senkaku Islands (the),Senkaku Islands,the Senkaku Islands,,,,,,Senkaku Islands56448,Serbia,Serbia,the Republic of Serbia,Serbian; a Serb,Belgrade,Serbian dinar,din,,Serbia15484,Seychelles,Seychelles,the Republic of Seychelles,of Seychelles; a Seychellois,Victoria,Seychelles rupee,SR,,Seychelles15485,Sierra Leone,Sierra Leone,the Republic of Sierra Leone,Sierra Leonean,Freetown,leone,Le,,Sierra Leone19034,Singapore,Singapore,the Republic of Singapore,Singaporean,Singapore,Singapore dollar,S$,,Singapore158872,Sint Maarten (Dutch part),Sint Maarten (Dutch part),Sint Maarten (Dutch part),of Sint Maarten (Dutch part),Philipsburg,,,,Sint Maarten (Dutch part)32083,Slovakia,Slovakia,the Slovak Republic,Slovak,Bratislava,euro,EUR; €,,Slovakia25065,Slovenia,Slovenia,the Republic of Slovenia,Slovene,Ljubljana,euro,EUR; €,,Slovenia15486,Solomon Islands,Solomon Islands,Solomon Islands,(of) Solomon Islands; Solomon Islander,Honiara,Solomon Islands dollar,SI$,As per the Constitution as well as confirmation by Mission in New York (May 2010) no definite article.,Solomon Islands15487,Somalia,Somalia,the Federal Republic of Somalia,Somali,Mogadishu,Somali shilling,So.Sh,,Somalia15535,South Africa,South Africa,the Republic of South Africa,South African,Pretoria,rand,R,Pretoria is the administrative capital and the seat of the Government. The seat of the Parliament is in Cape Town.,South Africa79235,South Georgia and the South Sandwich Islands,South Georgia and the South Sandwich Islands,South Georgia and the South Sandwich Islands,,,,,,South Georgia and the South Sandwich Islands159015,South Sudan,South Sudan,the Republic of South Sudan,South Sudanese,Juba,South Sudanese pound,£,,South Sudan15488,Spain,Spain,the Kingdom of Spain,Spanish; a Spaniard,Madrid,euro,EUR; €,,Spain79197,Spratly Islands (the),Spratly Islands,the Spratly Islands,,,,,,Spratly Islands15489,Sri Lanka,Sri Lanka,the Democratic Socialist Republic of Sri Lanka,of Sri Lanka; Sri Lankan,Colombo; Sri Jayewardenepura Kotte,Sri Lanka rupee,Sing.: SL Re; plural: SL Rs,Sri Jayewardenepura Kotte is the legislative capital.,Sri Lanka15490,Sudan (the),Sudan,the Republic of the Sudan,Sudanese,Khartoum,Sudanese pound,£,,Sudan15491,Suriname,Suriname,the Republic of Suriname,Surinamese,Paramaribo,Suriname dollar,Sur$,,Suriname79237,Svalbard and Jan Mayen Islands (the),Svalbard and Jan Mayen Islands,the Svalbard and Jan Mayen Islands,,Longyearbyen,Norwegian krone,NKr,,Svalbard and Jan Mayen Islands15493,Sweden,Sweden,the Kingdom of Sweden,Swedish; a Swede,Stockholm,Swedish krona,SKr,,Sweden15494,Switzerland,Switzerland,the Swiss Confederation,Swiss,Berne,Swiss franc,SwF,,Switzerland15495,Syrian Arab Republic (the),Syrian Arab Republic,the Syrian Arab Republic,Syrian,Damascus,Syrian pound,LS,,Syrian Arab Republic79238,Taiwan Province of China,Taiwan Province of China,Taiwan Province of China,of Taiwan Province of China,,new Taiwan dollar,NT$,,Taiwan Province of China20525,Tajikistan,Tajikistan,the Republic of Tajikistan,Tajik,Dushanbe,somoni,SM,,Tajikistan15496,Thailand,Thailand,the Kingdom of Thailand,Thai,Bangkok,baht,B,,Thailand40152,Timor-Leste,Timor-Leste,the Democratic Republic of Timor-Leste,of Timor-Leste; Timorese,Dili,United States dollar,$; US$,,Timor-Leste15497,Togo,Togo,the Togolese Republic,Togolese,Lomé,CFA franc (BCEAO),CFAF,"CFA: Communauté Financière Africaine (African Financial Community).
BCEAO: Banque centrale des États de l'Afrique de l'Ouest (Central Bank of West African States).",Togo19035,Tokelau,Tokelau,Tokelau,of Tokelau,,New Zealand dollar,$NZ,"Associate Member.
",Tokelau15498,Tonga,Tonga,the Kingdom of Tonga,Tongan,Nuku'alofa,pa'anga,T$,,Tonga15499,Trinidad and Tobago,Trinidad and Tobago,the Republic of Trinidad and Tobago,of Trinidad and Tobago,Port of Spain,Trinidad and Tobago dollar,TT$,,Trinidad and Tobago79198,Tromelin Island,Tromelin Island,Tromelin Island,,,,,,Tromelin Island79229,Trust Territory of the Pacific Islands (the),Trust Territory of the Pacific Islands,the Trust Territory of the Pacific Islands,,,,,"1. On 22 December 1990, Security Council Resolution 683 dissolved the Trust Territory of the Pacific Islands, which led to the creation of the Northern Mariana Islands, the Federated States of Micronesia, the Marshall Islands and Palau. 
2. The term is no longer in use.",Trust Territory of the Pacific Islands15500,Tunisia,Tunisia,the Republic of Tunisia,Tunisian,Tunis,Tunisian dinar,D,,Tunisia20526,Turkmenistan,Turkmenistan,Turkmenistan,Turkmen,Ashgabat,Turkmenistan new manat,manat,,Turkmenistan19036,Turks and Caicos Islands (the),Turks and Caicos Islands,the Turks and Caicos Islands,of the Turks and Caicos Islands,Cockburn Town,United States dollar,$; US$,,Turks and Caicos Islands19037,Tuvalu,Tuvalu,Tuvalu,Tuvaluan,Fongafale,Australian dollar,$A,,Tuvalu15501,Türkiye,Türkiye,the Republic of Türkiye,Turkish; Turk,Ankara,Turkish lira,TL,"1. Further to the communication dated 31 May 2022 from the permanent mission addressed to the Executive Office of the Secretary-General, the country name was changed from the former name of the Republic of Turkey (former short form: Turkey), with immediate effect. 
2. In capital letters, the correct spelling is ""TÜRK_YE"" (keeping the dot on the “_”, not ""TÜRKIYE"").",Türkiye15502,Uganda,Uganda,the Republic of Uganda,Ugandan,Kampala,Uganda shilling,U Sh,,Uganda16378,Ukraine,Ukraine,Ukraine,Ukrainian,Kyiv,hryvnia,Hrv,,Ukraine15503,United Arab Emirates (the),United Arab Emirates,the United Arab Emirates,of the United Arab Emirates,Abu Dhabi,UAE dirham,Dh,,United Arab Emirates15504,United Kingdom of Great Britain and Northern Ireland (the),United Kingdom of Great Britain and Northern Ireland,the United Kingdom of Great Britain and Northern Ireland,British; British; of the United Kingdom of Great Britain and Northern Ireland; British,London,pound sterling,£; £ stg.,"The full name is to be used on title pages, in signatures and in recording nominations, elections and votes. Once the full name has been mentioned or where space is limited, as for instance in a table, the following shorter form may be used: the United Kingdom.",United Kingdom of Great Britain and Northern Ireland15505,United Republic of Tanzania (the),United Republic of Tanzania,the United Republic of Tanzania,Tanzanian,Dodoma,Tanzanian shilling,TSh,,United Republic of Tanzania79190,"United Republic of Tanzania, Zanzibar (the)","United Republic of Tanzania, Zanzibar","the United Republic of Tanzania, Zanzibar",,,Tanzanian shilling,TSh,,"United Republic of Tanzania, Zanzibar"79240,United States Minor Outlying Islands (the),United States Minor Outlying Islands,the United States Minor Outlying Islands,,,United States dollar,$; US$,"Johnston Island, the Midway Islands, the United States Miscellaneous Pacific Islands and Wake Island have been reunited under the United States Minor Outlying Islands.",United States Minor Outlying Islands19038,United States Virgin Islands (the),United States Virgin Islands,the United States Virgin Islands,of the United States Virgin Islands,Charlotte Amalie,United States dollar,$; US$,,United States Virgin Islands15506,United States of America (the),United States of America,the United States of America,of the United States of America; American,"Washington, D.C.",United States dollar,$; US$,"Once the full name has been mentioned or where space is limited, as for instance in a table, the shorter form ""United States"" may be used.",United States of America15507,Uruguay,Uruguay,the Eastern Republic of Uruguay,Uruguayan,Montevideo,Uruguayan peso,Ur$,,Uruguay20527,Uzbekistan,Uzbekistan,the Republic of Uzbekistan,Uzbek,Tashkent,sum,SUM,,Uzbekistan15508,Vanuatu,Vanuatu,the Republic of Vanuatu,of Vanuatu; Vanuatuan,Port Vila,vatu,VT,,Vanuatu15509,Bolivarian Republic of Venezuela (the),Venezuela (Bolivarian Republic of),the Bolivarian Republic of Venezuela,Venezuelan,Caracas,bolívar,Bs,"Please use the short name for lists and tables, i.e. Venezuela (Bolivarian Republic of), in alphabetical lists, tables, in-text lists preceded by a colon and nameplates. For all other purposes, including in-text lists not preceded by a colon, please use the full name, i.e. the Bolivarian Republic of Venezuela.",Venezuela (Bolivarian Republic of)15510,Viet Nam,Viet Nam,the Socialist Republic of Viet Nam,Vietnamese,Hanoi,dong,_,,Viet Nam79241,Wake Island,Wake Island,Wake Island,,,,,"Johnston Island, the Midway Islands, the United States Miscellaneous Pacific Islands and Wake Island have been reunited under the United States Minor Outlying Islands. ",Wake Island19039,Wallis and Futuna Islands (the),Wallis and Futuna Islands,the Wallis and Futuna Islands,of Wallis Island; of Wallis and Futuna; of Wallis Island; of Futuna Island,Mata-Utu,CFP franc,CFPF,CFP: Colonies françaises du Pacifique (French colonies of the Pacific).,Wallis and Futuna Islands79242,West Bank (the),West Bank,the West Bank,,,,,"For statistical purposes please use ""Palestine"". Kindly note the term ""West Bank"" may only be used when referring to the specific geographical area within the territory of Palestine.",West Bank79220,West Papua,West Papua,West Papua,,Manokwari,,,,West Papua79243,Western Sahara,Western Sahara,Western Sahara,,,Moroccan dirham,DH,,Western Sahara15511,Yemen,Yemen,the Republic of Yemen,Yemeni; a Yemenite,Sana'a,Yemeni rial,YRl,,Yemen15514,Zambia,Zambia,the Republic of Zambia,Zambian,Lusaka,Zambian kwacha,K,,Zambia15515,Zimbabwe,Zimbabwe,the Republic of Zimbabwe,Zimbabwean,Harare,Zimbabwe dollar,Z$,,Zimbabwe79164,Åland Islands (the),Åland Islands,the Åland Islands,,Mariehamn,euro,EUR; €,,Åland Islands